SEM_SMST_SECURITY_ID,SM_SYMBOL_NAME,SECTOR
100,AMARA RAJA ENERGY MOB LTD,NIFTY AUTO
10074,EMAMI PAPER MILLS LIMITED,NIFTY COMMODITIES
1008,FACT LTD,NIFTY COMMODITIES
10099,GODREJ CONSUMER PRODUCTS,NIFTY FMCG
1011,SCHAEFFLER INDIA LIMITED,NIFTY AUTO
10159,ORICON ENTERPRISES LTD,NIFTY COMMODITIES
10176,SBI-ETF NIFTY 50,NIFTY ETF
10181,BALKRISHNA PAPER MILLS L,NIFTY COMMODITIES
10217,ADANI ENERGY SOLUTION LTD,NIFTY ENERGY
10227,MANORAMA INDUSTRIES LTD,NIFTY COMMODITIES
1023,FEDERAL BANK LTD,NIFTY BANK
10238,CONFIDENCE PETRO IND LTD.,NIFTY ENERGY
10243,SYNGENE INTERNATIONAL LTD,NIFTY PHARMA
10276,KAYA LIMITED,NIFTY SERVICES SECTOR
10285,AYM SYNTEX LIMITED,NIFTY COMMODITIES
10297,PRAKASH PIPES LIMITED,NIFTY INFRA
1030,AARON INDUSTRIES LIMITED,NIFTY COMMODITIES
10300,RAMA STEEL TUBES LIMITED,NIFTY METAL
10310,AURUM PROPTECH LIMITED,NIFTY SERVICES SECTOR
10321,THE P K TEA PROD CO LTD,NIFTY FMCG
10343,RADHIKA JEWELTECH LIMITED,Consumer Discretionary
10346,DIGICONTENT LIMITED,NIFTY MEDIA
10350,CSL FINANCE LIMITED,NIFTY FIN SERVICE
1038,FINOLEX CABLES LTD,NIFTY INFRA
10397,JAIN IRRIGATION SYSTEMS,NIFTY COMMODITIES
104,SHARE IND. SECURITIES LTD,NIFTY FIN SERVICE
10406,STEEL CITY SECURITIES LTD,NIFTY FIN SERVICE
10407,KSHITIJ POLYLINE LIMITED,NIFTY COMMODITIES
1041,FINOLEX INDUSTRIES LTD,NIFTY COMMODITIES
10415,MUTHOOT CAP SERV LTD,NIFTY FIN SERVICE
10417,DYNAMIC CABLES LIMITED,NIFTY AUTO
1044,AXISAMC - AXISBNKETF,NIFTY ETF
10440,LUPIN LIMITED,NIFTY PHARMA
10447,UNITED SPIRITS LIMITED,NIFTY FMCG
10453,SATIN CREDIT NET LTD,NIFTY FIN SERVICE
10457,ARVIND SMARTSPACES LTD,NIFTY INFRA
10473,POWER MECH PROJECTS LTD.,NIFTY INFRA
10485,RAM RATNA WIRES LIMITED,NIFTY INFRA
10508,MOTILALAMC - MOHEALTH,NIFTY ETF
10511,UTIAMC - UTINIFTETF,NIFTY ETF
10512,KOTAKMAMC - KOTAKCONS,NIFTY ETF
10515,UTIAMC - UTISENSETF,NIFTY ETF
1053,UFLEX LIMITED,NIFTY COMMODITIES
10530,SHARDA MOTOR INDS LTD,NIFTY AUTO
10557,NAVKAR CORPORATION LTD.,NIFTY SERVICES SECTOR
10576,NIP IND ETF NIFTY BEES,NIFTY ETF
10577,KRBL LIMITED,NIFTY FMCG
10578,MPS LIMITED,NIFTY IT
10579,MARKSANS PHARMA LIMITED,NIFTY PHARMA
10580,TRANSPORT CORPN OF INDIA,NIFTY SERVICES SECTOR
10585,ICICIPRAMC - ICICIMOM30,NIFTY ETF
10588,SHRE PUSH CHEM & FERT LTD,NIFTY COMMODITIES
10599,GUJARAT GAS LIMITED,NIFTY ENERGY
10604,BHARTI AIRTEL LIMITED,NIFTY SERVICES SECTOR
10618,SADBHAV INFRA PROJ LTD.,NIFTY INFRA
10619,HDFCAMC - HDFCNEXT50,NIFTY ETF
10633,HDFCAMC - HDFCNIF100,NIFTY ETF
10634,AUTOMOTIVE STAMPINGS & AS,NIFTY AUTO
10637,OLECTRA GREENTECH LIMITED,NIFTY AUTO
10661,PONNIE SUGARS (ERODE) LTD,NIFTY FMCG
10666,PUNJAB NATIONAL BANK,NIFTY BANK
10676,KOTAKMAMC - KOTAKMNC,NIFTY ETF
10690,BIRLASLAMC - NIFTYQLTY,NIFTY ETF
10693,BIRLASLAMC - MOMENTUM,NIFTY ETF
10700,SURANA TELECOM AND POW LT,NIFTY SERVICES SECTOR
10717,TIMES GUARANTY LIMITED,NIFTY FIN SERVICE
10723,ICICIPRAMC - ICICIINFRA,NIFTY ETF
10726,INDIAMART INTERMESH LTD,NIFTY SERVICES SECTOR
1073,FOSECO INDIA LTD,NIFTY AUTO
10733,SPORTKING INDIA LIMITED,NIFTY FMCG
10738,ORACLE FIN SERV SOFT LTD.,NIFTY IT
10753,UNION BANK OF INDIA,NIFTY BANK
10755,APTECH LIMITED,NIFTY SERVICES SECTOR
1076,ZENSAR TECHNOLOGIES  LTD,NIFTY IT
10761,DSPAMC - DSPSILVETF,NIFTY ETF
10768,ORIENTAL AROMATICS LTD,NIFTY COMMODITIES
10791,NUCLEUS SOFTWARE EXPORTS,NIFTY IT
10793,SYRMA SGS TECHNOLOGY LTD,NIFTY IT
10794,CANARA BANK,NIFTY BANK
10822,MOTILALAMC - MOQUALITY,NIFTY ETF
10825,MOTILALAMC - MOVALUE,NIFTY ETF
1085,GABRIEL INDIA LTD,NIFTY AUTO
10859,DREAMFOLKS SERVICES LTD,NIFTY SERVICES SECTOR
10865,GVP INFOTECH LIMITED,NIFTY IT
10871,GRM OVERSEAS LIMITED,NIFTY FMCG
10876,HDFCAMC - HDFCSILVER,NIFTY ETF
10905,GENESYS INTL CORPN LTD,NIFTY SERVICES SECTOR
10922,OMAX AUTOS LTD,NIFTY AUTO
10925,GODREJ INDUSTRIES LTD,NIFTY COMMODITIES
10939,NIP IND ETF JUNIOR BEES,NIFTY ETF
10940,DIVI S LABORATORIES LTD,NIFTY PHARMA
10945,TAMILNAD MERCA BANK LTD,NIFTY BANK
10948,THE STATE TRADING CORPN,NIFTY SERVICES SECTOR
10990,RADICO KHAITAN LTD,NIFTY FMCG
10993,INDO RAMA SYNTHETICS LTD,NIFTY COMMODITIES
10999,MARUTI SUZUKI INDIA LTD.,NIFTY AUTO
1100,GARWARE TECH FIBRES LTD,NIFTY COMMODITIES
11006,NIP IND ETF LIQUID BEES,NIFTY ETF
11027,INFOBEANS TECHNO. LTD.,NIFTY IT
11037,ICICIPRAMC - IPRU5008,NIFTY ETF
11039,DCM NOUVELLE LIMITED,NIFTY FMCG
11045,SATIA INDUSTRIES LIMITED,NIFTY FMCG
11050,SIRCA PAINT INDIA LIMITED,NIFTY COMMODITIES
11060,KSOLVES INDIA LIMITED,NIFTY IT
11065,NATH BIO-GENES (I) LTD,NIFTY COMMODITIES
11072,AGRI-TECH (INDIA) LIMITED,NIFTY COMMODITIES
11082,LIBAS CONSU PRODUCTS LTD,NIFTY FMCG
11140,SUMIT WOODS LIMITED,NIFTY COMMODITIES
11155,CREATIVE NEWTECH LIMITED,NIFTY IT
11162,HARSHA ENGINEERS INT LTD,NIFTY AUTO
11184,IDFC FIRST BANK LIMITED,NIFTY BANK
11193,AXISAMC - AXISILVER,NIFTY ETF
11195,INTERGLOBE AVIATION LTD,NIFTY SERVICES SECTOR
11212,S H KELKAR AND CO. LTD.,NIFTY FMCG
11220,VARDHAMAN ACRYLICS LTD,NIFTY COMMODITIES
11223,UCO BANK,NIFTY BANK
11233,SUVEN LIFE SCIENCES LTD,NIFTY PHARMA
11236,JINDAL STAINLESS LIMITED,NIFTY METAL
11239,NALWA SONS INVESTMENT LTD,NIFTY FIN SERVICE
11241,HDFCAMC - HDFCGROWTH,NIFTY ETF
11253,WELSPUN LIVING LIMITED,NIFTY FMCG
11255,HDFCAMC - HDFCQUAL,NIFTY ETF
11256,JAI BALAJI INDUSTRIES LTD,NIFTY METAL
11260,HDFCAMC - HDFCVALUE,NIFTY ETF
11262,INDRAPRASTHA GAS LTD,NIFTY ENERGY
11265,TVS ELECTRONICS LTD,NIFTY IT
1127,GHCL LIMITED,NIFTY COMMODITIES
11271,DREDGING CORP OF INDIA,NIFTY SERVICES SECTOR
11275,TV TODAY NETWORK LTD,NIFTY MEDIA
11287,UPL LIMITED,NIFTY COMMODITIES
1129,G-TEC JAINX EDUCATION LTD,NIFTY SERVICES SECTOR
11293,UNIPHOS ENTERPRISES LTD,NIFTY COMMODITIES
11297,STANDARD INDUSTRIES LTD.,NIFTY COMMODITIES
11301,LUX INDUSTRIES LIMITED,NIFTY FMCG
11309,BALAXI PHARMA LTD,NIFTY PHARMA
11319,LICNAMC - LICNFENGP,NIFTY ETF
11325,MUKAND LTD.,NIFTY METAL
1134,APOLLO MICRO SYSTEMS LTD,NIFTY IT
11343,AFFLE 3I LIMITED,NIFTY IT
11351,PETRONET LNG LIMITED,NIFTY ENERGY
11355,PTC INDIA LIMITED,NIFTY ENERGY
11359,DHANLAXMI BANK LIMITED,NIFTY BANK
11364,VAIBHAV GLOBAL LIMITED,NIFTY SERVICES SECTOR
11369,TTK HEALTHCARE LIMITED,NIFTY PHARMA
11373,BIOCON LIMITED.,NIFTY PHARMA
11374,TIPS FILMS LIMITED,NIFTY MEDIA
11377,BANK OF MAHARASHTRA,NIFTY BANK
11386,ICICIPRAMC - ICICIBANKP,NIFTY BANK ETF
11387,UMANG DAIRIES LIMITED,NIFTY FMCG
1139,GIC HOUSING FINANCE LTD,NIFTY FIN SERVICE
11394,ZOTA HEALTH CARE LIMITED,NIFTY PHARMA
11399,SALZER ELECTRONICS LTD,NIFTY INFRA
11403,POONAWALLA FINCORP LTD,NIFTY FIN SERVICE
11407,XPRO INDIA LIMITED,NIFTY COMMODITIES
11411,RAMKRISHNA FORGINGS LTD,NIFTY AUTO
1142,GINNI FILAMENTS LTD,NIFTY FMCG
11423,DATAMATICS GLOBAL SER LTD,NIFTY IT
11427,NDTV LTD,NIFTY MEDIA
11432,KRITI NUTRIENTS LIMITED,NIFTY FMCG
11435,SPANDANA SPHOORTY FIN LTD,NIFTY FIN SERVICE
11439,NIP IND ETF BANK BEES,NIFTY ETF
11441,LICNAMC - LICNFESGP,NIFTY ETF
11445,PILANI INV & IND COR LTD,NIFTY FIN SERVICE
1145,GUJ IND POW CO. LTD,NIFTY ENERGY
11452,CCL PRODUCTS (I) LTD,NIFTY FMCG
11457,KOTAKMAMC - KTKNV20,NIFTY ETF
11471,EXCEL INDUSTRIES LTD,NIFTY COMMODITIES
11483,LARSEN & TOUBRO LTD.,NIFTY INFRA
11491,APAR INDUSTRIES LTD.,NIFTY AUTO
11496,AMBICA AGAR & AROMAINDLTD,NIFTY FMCG
11511,CENTURY EXTRUSIONS LTD,NIFTY METAL
11522,NIIT LIMITED,NIFTY IT
1153,GLAXOSMITHKLINE PHARMA LT,NIFTY PHARMA
11530,ELECTRONICS MART IND LTD,NIFTY SERVICES SECTOR
11532,ULTRATECH CEMENT LIMITED,NIFTY INFRA
11536,TATA CONSULTANCY SERV LT,NIFTY IT
11538,HDFCAMC - HDFCMOMENT,NIFTY ETF
11543,COFORGE LIMITED,NIFTY IT
11547,HDFCAMC - HDFCLOWVOL,NIFTY ETF
11549,TEXMACO INFRA & HOLDG LTD,NIFTY INFRA
11566,DC INFOTECH AND COMUN LTD,NIFTY IT
11571,PIRAMAL PHARMA LIMITED,NIFTY PHARMA
11573,FORCE MOTORS LIMITED,NIFTY AUTO
11580,WESTLIFE FOODWORLD LTD,NIFTY SERVICES SECTOR
11581,GP PETROLEUMS LIMITED,NIFTY ENERGY
11582,TRACXN TECHNOLOGIES LTD,NIFTY IT
11591,HDFCAMC - HDFCNIFTY,NIFTY ETF
11593,HDFCAMC - HDFCSENSEX,NIFTY ETF
11596,LINCOLN PHARMA LTD,NIFTY PHARMA
11602,IND-SWIFT LIMITED,NIFTY PHARMA
11606,GUFIC BIOSCIENCES LTD.,NIFTY PHARMA
11618,ASTRA MICROWAVE LTD,NIFTY IT
1162,GTL LTD,NIFTY SERVICES SECTOR
11626,WELSPUN ENTERPRISES LTD.,NIFTY METAL
11627,NARMADA AGROBASE LIMITED,NIFTY COMMODITIES
11630,NTPC LTD,NIFTY ENERGY
11634,S.A.L. STEEL LTD.,NIFTY METAL
1164,NEWGEN SOFTWARE TECH LTD,NIFTY IT
11647,KOTHARI SUG & CHEM LTD.,NIFTY FMCG
11654,DR. LAL PATH LABS LTD.,NIFTY PHARMA
11655,JBM AUTO LIMITED,NIFTY AUTO
11667,DWARIKESH SUGAR IND LTD,NIFTY FMCG
11677,INDOCO REMEDIES LTD.,NIFTY PHARMA
1168,G M BREWERIES LTD,NIFTY FMCG
11689,SUPRAJIT ENGINEERING LTD,NIFTY AUTO
11699,PATEL ENGINEERING LTD.,NIFTY INFRA
11703,ALKEM LABORATORIES LTD.,NIFTY PHARMA
11705,XCHANGING SOLUTIONS LTD,NIFTY IT
11723,JSW STEEL LIMITED,NIFTY METAL
11731,CONSO. FIN. & HOLD. LTD.,NIFTY FIN SERVICE
1174,GUJ NAR VAL FER & CHEM L,NIFTY COMMODITIES
11743,JINDAL PHOTO LIMITED,NIFTY SERVICES SECTOR
11763,JAIPRAKASH POWER VEN. LTD,NIFTY ENERGY
11778,GOKALDAS EXPORTS LTD.,NIFTY FMCG
11779,ACE INTEGRATED SOLU. LTD.,NIFTY SERVICES SECTOR
11782,EVEREADY INDS. IND.  LTD.,NIFTY FMCG
11787,GOYAL ALUMINIUMS LIMITED,NIFTY METAL
11794,SAKSOFT LIMITED,NIFTY IT
11796,HINDPRAKASH INDUSTRY LTD,NIFTY COMMODITIES
11798,ALLDIGI TECH LIMITED,NIFTY IT
11804,SUKHJIT STARCH & CHEM LTD,NIFTY FMCG
11809,IIFL FINANCE LIMITED,NIFTY FIN SERVICE
1181,GODFREY PHILLIPS INDIA LT,NIFTY FMCG
11813,SHOPPERS STOP LIMITED,NIFTY SERVICES SECTOR
11817,MANGALAM DRUG & CHEM LTD,NIFTY PHARMA
11821,WELSPUN CORP LIMITED,NIFTY METAL
11829,STEEL STRIPS WHEELS LTD.,NIFTY AUTO
11840,NARAYANA HRUDAYALAYA LTD.,NIFTY SERVICES SECTOR
1185,AMBER ENTERPRISES (I) LTD,NIFTY SERVICES SECTOR
11852,SURYALAKSHMI COT MIL LTD,NIFTY FMCG
1186,GLAND PHARMA LIMITED,NIFTY PHARMA
11860,JK PAPER LIMITED,NIFTY COMMODITIES
11864,PRIME SECURITIES LIMITED,NIFTY FIN SERVICE
11868,63 MOONS TECHNOLOGIES LTD,NIFTY IT
11872,GRANULES INDIA LIMITED,NIFTY PHARMA
11884,MAN INDUSTRIES (I) LTD.,NIFTY METAL
11892,VARDHMAN HOLDINGS LIMITED,NIFTY FIN SERVICE
11895,DCX SYSTEMS LIMITED,NIFTY IT
11896,GEOJIT FINANCIAL SER L,NIFTY FIN SERVICE
1190,FEDERAL-MOGUL GOETZE (IND,NIFTY AUTO
11905,GENUS POWER INFRASTRU LTD,NIFTY ENERGY
11915,YES BANK LIMITED,NIFTY BANK
11919,MSP STEEL & POWER LTD.,NIFTY METAL
11927,NECTAR LIFESCIENCES LTD.,NIFTY PHARMA
11932,FUSION FINANCE LIMITED,NIFTY FIN SERVICE
11943,MCLEOD RUSSEL INDIA LTD.,NIFTY FMCG
11956,GLOBAL HEALTH LIMITED,NIFTY SERVICES SECTOR
1196,KANSAI NEROLAC PAINTS LTD,NIFTY COMMODITIES
11966,BIKAJI FOODS INTERN LTD,NIFTY FMCG
11971,GOLDIAM INTERNATIONAL LTD,Consumer Discretionary
11975,RANE (MADRAS) LIMITED,NIFTY AUTO
11979,HT MEDIA LIMITED,NIFTY MEDIA
11983,SASKEN TECHNOLOGIES LTD,NIFTY IT
11987,INDO COUNT INDUSTRIES LTD,NIFTY COMMODITIES
11992,SYNCOM FORMU (I) LTD,NIFTY PHARMA
11999,FCS SOFTWARE SOLN. LTD.,NIFTY IT
1200,MIRAEAMC - MAESGETF,NIFTY ETF
12000,FAZE THREE LIMITED,Consumer Discretionary
12009,IND MOTOR PART & ACC LTD,NIFTY AUTO
12015,SAT INDUSTRIES LIMITED,NIFTY METAL
12018,SUZLON ENERGY LIMITED,NIFTY ENERGY
12022,AURIONPRO SOLN LTD,NIFTY IT
12024,ARCHEAN CHEMICAL IND LTD,NIFTY COMMODITIES
12026,SHREE RENUKA SUGARS LTD,NIFTY FMCG
12032,FIVE-STAR BUS FIN LTD,NIFTY FIN SERVICE
12034,BANNARI AM SPIN MILL LTD.,NIFTY FMCG
1204,PRAXIS HOME RETAIL LTD,NIFTY SERVICES SECTOR
12072,SHEETAL COOL PRODUCTS LTD,NIFTY FMCG
12092,KAYNES TECHNOLOGY IND LTD,NIFTY IT
12101,HDFCAMC - HDFCNIFIT,NIFTY ETF
12108,HDFCAMC - HDFCPVTBAN,NIFTY ETF
12124,DOLAT ALGOTECH LIMITED,NIFTY FIN SERVICE
12153,B&B TRIPLEWALL CONT LTD,NIFTY COMMODITIES
12173,HINDUSTAN FOODS LIMITED,NIFTY FMCG
12188,INOX GREEN ENERGY SER LTD,NIFTY ENERGY
12219,KEYSTONE REALTORS LIMITED,NIFTY INFRA
12231,ORIENTAL CARBN & CHEM LTD,NIFTY COMMODITIES
1232,GRASIM INDUSTRIES LTD,NIFTY COMMODITIES
1235,GREAVES COTTON LTD.,NIFTY AUTO
12384,ZIM LABORATORIES LIMITED,NIFTY PHARMA
1247,GUJ STATE FERT & CHEM LTD,NIFTY COMMODITIES
12489,STRLNG & WIL REN ENE LTD,NIFTY ENERGY
1250,CASTROL INDIA LIMITED,NIFTY ENERGY
12533,AAA TECHNOLOGIES LIMITED,NIFTY IT
12578,ICICIPRAMC-ICICIFIN,NIFTY ETF
12603,PRECISION CAMSHAFTS LTD.,NIFTY AUTO
12635,OSIA HYPER RETAIL LIMITED,NIFTY SERVICES SECTOR
1267,GUJARAT ALKALIES & CHEM,NIFTY COMMODITIES
12686,MADHYA BHARAT AGRO P. LTD,NIFTY COMMODITIES
1270,AMBUJA CEMENTS LTD,NIFTY INFRA
12716,TEAMLEASE SERVICES LTD.,NIFTY SERVICES SECTOR
12749,DJ MEDIAPRINT & LOG LTD,NIFTY SERVICES SECTOR
128,ROUTE MOBILE LIMITED,NIFTY IT
12809,HYBRID FINANCIAL SERVICE,NIFTY FIN SERVICE
12841,11NSETEST,NIFTY ETF
12842,G1NSETEST,NIFTY ETF
12847,KRISHANA PHOSCHEM LIMITED,NIFTY COMMODITIES
12848,N1NSETEST,NIFTY ETF
12863,V1NSETEST,NIFTY ETF
1289,GFL LIMITED,NIFTY COMMODITIES
12913,SARVESHWAR FOODS LIMITED,NIFTY FMCG
12978,TATAAML - NPBET,NIFTY ETF
13,ABB INDIA LIMITED,NIFTY INFRA
13001,DHARMAJ CROP GUARD LTD,NIFTY COMMODITIES
13035,SAFARI IND (INDIA) LTD,NIFTY SERVICES SECTOR
13057,UNIPARTS INDIA LIMITED,NIFTY AUTO
13061,360 ONE WAM LIMITED,NIFTY FIN SERVICE
13072,IIFL CAPITAL SERVICES LTD,NIFTY FIN SERVICE
13081,TRIVENI ENGG. & INDS. LTD,NIFTY ENERGY
13082,KOTAKMAMC - KOTAKSILVE,NIFTY ETF
13086,AIA ENGINEERING LIMITED,NIFTY INFRA
13091,EVEREST KANT CYLINDERLTD,NIFTY ENERGY
13101,VIMTA LABS LIMITED,NIFTY PHARMA
13106,NAHAR INDS ENT LTD,NIFTY FMCG
13111,ORIENT CERATECH LIMITED,NIFTY INFRA
13116,QUICK HEAL TECH LTD,NIFTY IT
13121,KERNEX MICROSYS(I) LTD,NIFTY IT
13126,REPRO INDIA LIMITED,NIFTY MEDIA
1313,HARRISON MALAYALAM LTD,NIFTY FMCG
13139,EDELAMC - EBBETF0433,NIFTY ETF
13143,ICICIPRAMC - ICICI10GS,NIFTY ETF
13147,PVR INOX LIMITED,NIFTY SERVICES SECTOR
1315,GALAXY SURFACTANTS LTD,NIFTY COMMODITIES
13162,CELEBRITY FASHIONS LTD,NIFTY FMCG
13175,NITIN SPINNERS LIMITED,NIFTY FMCG
13182,ROYAL ORCHID HOTELS LTD,NIFTY SERVICES SECTOR
13192,ENTERTAIN NET. IND. LTD.,NIFTY MEDIA
13197,GUJARAT STATE PETRO LTD,NIFTY ENERGY
13198,ICICIPRAMC - ICICICOMMO,NIFTY ETF
13211,JAGRAN PRAKASHAN LIMITED,NIFTY MEDIA
13218,SULA VINEYARDS LIMITED,NIFTY FMCG
13260,KEC INTL. LIMITED,NIFTY INFRA
1327,HCL INFOSYSTEMS LTD,NIFTY IT
13270,JK CEMENT LIMITED,NIFTY INFRA
13275,INDO TECH TRANSFORM LTD.,NIFTY ENERGY
13276,LANDMARK CARS LIMITED,NIFTY SERVICES SECTOR
1328,MARINE ELECTRICAL (I) LTD,NIFTY AUTO
13285,M&M FIN. SERVICES LTD,NIFTY FIN SERVICE
13288,ABANS FINANCIAL SRVCS LTD,NIFTY FIN SERVICE
13290,B.L.KASHYAP & SON LTD,NIFTY INFRA
13300,NITCO LIMITED,NIFTY INFRA
13303,INDIABULLS ENT LTD,NIFTY FIN SERVICE
13305,CENTURY PLYBOARDS (I) LTD,NIFTY COMMODITIES
13310,KEI INDUSTRIES LTD.,NIFTY INFRA
1333,HDFC BANK LTD,NIFTY BANK
13332,SOLAR INDUSTRIES (I) LTD,NIFTY COMMODITIES
13337,GALLANTT ISPAT LIMITED,NIFTY METAL
13352,MALU PAPER MILLS LIMITED,NIFTY COMMODITIES
13359,KFIN TECHNOLOGIES LIMITED,NIFTY FIN SERVICE
1336,HEG LTD,NIFTY METAL
13367,STL GLOBAL LIMITED,NIFTY IT
13376,UTTAM SUGAR MILLS LTD.,NIFTY FMCG
1338,SOM DIST & BREW LTD,NIFTY FMCG
13381,KEWAL KIRAN CLOTHING LTD,NIFTY FMCG
13400,BHAGERIA INDUSTRIES LTD,NIFTY COMMODITIES
13404,SUN TV NETWORK LIMITED,NIFTY MEDIA
13409,GODAWARI POW & ISP LTD,NIFTY METAL
13414,R SYS INTERNATIONAL LTD,NIFTY IT
13423,ELIN ELECTRONICS LIMITED,NIFTY AUTO
13430,KELLTON TECH SOL LTD,NIFTY IT
13441,BAL PHARMA LTD.,NIFTY PHARMA
13451,RATNAMANI MET & TUB LTD.,NIFTY METAL
13457,KAMDHENU LIMITED,NIFTY METAL
13463,PIONEER EMBROIDERIES LTD,NIFTY COMMODITIES
1348,HERO MOTOCORP LIMITED,NIFTY AUTO
13491,JK LAKSHMI CEMENT LTD,NIFTY INFRA
13496,PRIME FOCUS LIMITED,NIFTY MEDIA
13501,ALLCARGO LOGISTICS LTD,NIFTY SERVICES SECTOR
13510,AKASH INFRA-PROJECTS LTD,NIFTY INFRA
13511,MUNJAL AUTO IND. LTD.,NIFTY AUTO
13517,EMAMI LIMITED,NIFTY FMCG
13522,NORTH EAST CARRY CORP LTD,NIFTY SERVICES SECTOR
13528,GMR AIRPORTS LIMITED,NIFTY INFRA
13536,VIDHI SPCLTY F INGRDNTS L,NIFTY COMMODITIES
13538,TECH MAHINDRA LIMITED,NIFTY IT
13560,GRINDWELL NORTON LIMITED,NIFTY AUTO
13572,MANUGRAPH INDIA LIMITED,NIFTY SERVICES SECTOR
13577,VOLTAMP TRANSFORMERS LTD,NIFTY ENERGY
13580,RADIANT CASH MGMT SER LTD,NIFTY FIN SERVICE
13585,ATLANTAA LIMITED,NIFTY SERVICES SECTOR
13587,ACTION CONST EQUIP LTD,NIFTY INFRA
13592,HOV SERVICES LTD,NIFTY IT
13598,SELAN EXPLO. TECH LTD,NIFTY ENERGY
136,ANDHRA SUGARS LTD,NIFTY FMCG
1360,HIMATSINGKA SEIDE LTD,NIFTY FMCG
13611,INDIAN RAIL TOUR CORP LTD,NIFTY SERVICES SECTOR
13620,ANANT RAJ LIMITED,NIFTY INFRA
1363,HINDALCO  INDUSTRIES  LTD,NIFTY METAL
13631,SKY GOLD AND DIAMONDS LTD,Consumer Discretionary
13637,JM FINANCIAL LIMITED,NIFTY FIN SERVICE
13643,ELECON ENG. CO. LTD,NIFTY INFRA
13644,DSPAMC - DSPBANKETF,NIFTY ETF
13648,TALBROS AUTO. COMP. LTD,NIFTY AUTO
13656,ALICON CASTALLOY LIMITED,NIFTY AUTO
13658,GEECEE VENTURES LIMITED,NIFTY INFRA
13671,MADHUCON PROJECTS LTD.,NIFTY INFRA
13675,NUPUR RECYCLERS LIMITED,NIFTY COMMODITIES
13688,ALLCARGO GATI LIMITED,NIFTY SERVICES SECTOR
13689,SAH POLYMERS LIMITED,NIFTY COMMODITIES
13693,INFOMEDIA PRESS LIMITED,NIFTY MEDIA
13702,VISHWARAJ SUGAR IND LTD,NIFTY FMCG
13710,FIEM INDUSTRIES LIMITED,NIFTY AUTO
1372,HINDUSTAN COMPOSITES LTD.,NIFTY AUTO
13725,DCB BANK LIMITED,NIFTY BANK
13730,INSPIRISYS SOLUTIONS LTD,NIFTY IT
13735,GLOBAL VEC HELICORP LTD,NIFTY SERVICES SECTOR
13740,SHYAM TELECOM LIMITED,NIFTY IT
13745,GTL INFRA.LTD,NIFTY SERVICES SECTOR
1375,HINDUSTAN CONSTRUCTION CO,NIFTY INFRA
13750,GUJARAT FLUOROCHEM LTD,NIFTY COMMODITIES
13751,INFO EDGE (I) LTD,NIFTY IT
13753,MANOMAY TEX INDIA LTD,NIFTY FMCG
13756,SHIVAM AUTO.LTD,NIFTY AUTO
13761,BHARAT BIJLEE LTD,NIFTY ENERGY
13776,THE GE SHPG.LTD,NIFTY SERVICES SECTOR
13786,TORRENT POWER LTD,NIFTY ENERGY
13791,PARSVNATH DEVELOPER LTD,NIFTY INFRA
13794,BAID FINSERV LIMITED,NIFTY FIN SERVICE
13796,MANALI PETROCHEMICALS LT,NIFTY COMMODITIES
13810,GREENPANEL INDUSTRIES LTD,NIFTY COMMODITIES
13816,LT FOODS LIMITED,NIFTY FMCG
13821,RUCHIRA PAPERS LIMITED,NIFTY COMMODITIES
13826,SOBHA LIMITED,NIFTY INFRA
13839,DONEAR IND. LIMITED,NIFTY FMCG
13844,MM FORGINGS LTD,NIFTY AUTO
13859,VENUS REMEDIES LIMITED,NIFTY PHARMA
13868,AARTI PHARMALABS LIMITED,NIFTY PHARMA
13870,KUANTUM PAPERS LIMITED,NIFTY COMMODITIES
13875,JINDAL DRILLING IND. LTD,NIFTY ENERGY
13880,BANCO PRODUCTS (I) LTD,NIFTY AUTO
13890,HIND RECTIFIER LIMITED,NIFTY AUTO
13900,CREST VENTURES LIMITED,NIFTY FIN SERVICE
13920,PLASTIBLENDS INDIA LTD,NIFTY COMMODITIES
13925,NATIONAL FERT. LTD,NIFTY COMMODITIES
1394,HINDUSTAN UNILEVER LTD.,NIFTY FMCG
13941,PRAJAY ENG. SYN. LTD.,NIFTY INFRA
13950,KOTAKMAMC - KOTAKLIQ,NIFTY ETF
13951,PARAMOUNT COMM LTD,NIFTY MEDIA
13966,HBL ENGINEERING LTD,NIFTY INFRA
13976,TANLA PLATFORMS LIMITED,NIFTY IT
13982,JASH ENGINEERING LIMITED,NIFTY INFRA
13987,BIRLASLAMC - ABSLBANETF,NIFTY ETF
14003,ZEE MEDIA CORPORATION LTD,NIFTY MEDIA
14008,AVT NATURAL PRODUCTS LTD,NIFTY FMCG
14014,LUMAX AUTO TECH LTD,NIFTY AUTO
14019,VEEDOL CORPORATION LTD,NIFTY ENERGY
1403,HINDUSTAN OIL EXPLORATION,NIFTY ENERGY
14043,SARLA PERF. FIBERS LTD,NIFTY FMCG
14058,SANGHVI MOVERS LTD,NIFTY SERVICES SECTOR
1406,HINDUSTAN PETROLEUM CORP,NIFTY ENERGY
14063,WANBURY LIMITED,NIFTY PHARMA
14064,BARTRONICS INDIA LIMITED,NIFTY IT
14068,SAGAR CEMENTS LIMITED,NIFTY INFRA
14086,I G PETROCHEMICALS LTD,NIFTY COMMODITIES
14096,SIYARAM SILK MILLS LTD,NIFTY FMCG
14101,PTL ENTERPRISES LTD,NIFTY FIN SERVICE
14106,AUTOLINE INDUSTRIES LTD,NIFTY AUTO
14111,NETWORK18 MEDIA & INV LTD,NIFTY MEDIA
1412,AGI GREENPAC LIMITED,NIFTY COMMODITIES
14134,PITTI ENGINEERING LIMITED,NIFTY AUTO
1415,GLOBAL EDUCATION LIMITED,NIFTY SERVICES SECTOR
14150,BODHI TREE MULTIMEDIA LTD,NIFTY MEDIA
14154,UNO MINDA LIMITED,NIFTY AUTO
14180,NMDC STEEL LIMITED,NIFTY METAL
14194,NINTEC SYSTEMS LIMITED,NIFTY IT
14198,TIMKEN INDIA LTD.,NIFTY AUTO
14203,HUBTOWN LIMITED,NIFTY INFRA
14223,TECHNOCRAFT IND LTD,NIFTY SERVICES SECTOR
14230,HDFCAMC - HDFCBSE500,NIFTY ETF
14233,HDFCAMC - HDFCSML250,NIFTY ETF
14236,HDFCAMC - HDFCMID150,NIFTY ETF
1424,HINDUSTAN ZINC LIMITED,NIFTY METAL
14245,TVS SRICHAKRA LIMITED,NIFTY AUTO
14255,REDINGTON LIMITED,NIFTY IT
14260,PEARL GLOBAL IND LIMITED,NIFTY COMMODITIES
14278,ORIENT BELL LIMITED,NIFTY INFRA
14286,MIRAEAMC - MAGOLDETF,NIFTY ETF
14296,SEQUENT SCIENTIFIC LTD.,NIFTY PHARMA
14299,POWER FIN CORP LTD.,NIFTY FIN SERVICE
14304,FIRSTSOURCE SOLU. LTD.,NIFTY IT
14309,INDIAN BANK,NIFTY BANK
14314,T T LIMITED,NIFTY COMMODITIES
14329,SMS PHARMACEUTICALS LTD.,NIFTY PHARMA
14334,HIMADRI SPECIALITY CHEM L,NIFTY COMMODITIES
14339,GANESH HOUSING CORP LTD,NIFTY INFRA
14346,ORIENTAL TRIMEX LTD,NIFTY SERVICES SECTOR
14361,APOLLO PIPES LIMITED,NIFTY INFRA
14366,VODAFONE IDEA LIMITED,NIFTY SERVICES SECTOR
14385,PONDY OXIDES & CHEM LTD,NIFTY COMMODITIES
14398,AMD INDUSTRIES LIMITED,NIFTY COMMODITIES
144,GODREJ AGROVET LIMITED,NIFTY COMMODITIES
14413,PAGE INDUSTRIES LTD,NIFTY FMCG
14418,ASTRAL LIMITED,NIFTY INFRA
1442,SANOFI INDIA LIMITED,NIFTY PHARMA
14423,LA OPALA RG LIMITED,NIFTY FMCG
14428,NIP IND ETF GOLD BEES,NIFTY ETF
14435,JK TYRE & INDUSTRIES LTD,NIFTY AUTO
14440,NAHAR SPINNING MILLS LTD.,NIFTY FMCG
14445,NAHAR POLY FILMS LIMITED,NIFTY COMMODITIES
14450,EMBASSY DEVELOPMENTS LTD,NIFTY INFRA
14459,LEXUS GRANITO (INDIA) LTD,NIFTY INFRA
14479,DIVGI TORQTRANSFER SYST L,NIFTY AUTO
1448,HLV LIMITED,NIFTY SERVICES SECTOR
14480,GOKUL AGRO RESOURCES LTD,NIFTY FMCG
14485,THEMIS MEDICARE LTD.,NIFTY PHARMA
14490,NCL INDUSTRIES LIMITED,NIFTY INFRA
14501,BALAJI AMINES LIMITED,NIFTY COMMODITIES
14511,BANSWARA SYNTEX LIMITED,NIFTY FMCG
14518,BIRLASLAMC - ABSLLIQUID,NIFTY ETF
14523,ICRA LIMITED,NIFTY FIN SERVICE
14535,UTI GOLD ETF,NIFTY ETF
1455,BIRLANU LIMITED,NIFTY ETF
14552,THE PHOENIX MILLS LTD,NIFTY SERVICES SECTOR
14557,ARO GRANITE IND. LTD.,NIFTY INFRA
14562,ZENITH STEEL PIP IND LTD,NIFTY METAL
14567,BF UTILITIES LIMITED,NIFTY ENERGY
14582,SREE RAYALSEEMA HHP LTD.,NIFTY INFRA
14584,ICICIPRAMC - PSUBANKICI,NIFTY ETF
14592,FORTIS HEALTHCARE LTD,NIFTY SERVICES SECTOR
14599,GLOBAL SURFACES LIMITED,NIFTY INFRA
14602,WEBSOL ENERGY SYSTEM LTD,NIFTY ENERGY
14607,TGB BANQUETS&HOTELS LTD,NIFTY SERVICES SECTOR
14627,HILTON METAL FORGING LTD,NIFTY METAL
1465,ACCURACY SHIPPING LIMITED,NIFTY SERVICES SECTOR
14657,INSECTICIDES (I) LTD,NIFTY COMMODITIES
14667,K M SUGAR MILLS LTD,NIFTY FMCG
1467,AKZO NOBEL INDIA LIMITED,NIFTY COMMODITIES
14672,NAVIN FLUORINE INT. LTD,NIFTY COMMODITIES
14677,GUJ. APOLLO IND. LTD.,NIFTY AUTO
14687,GOA CARBON LIMITED,NIFTY COMMODITIES
14702,NAGREEKA EXPORTS LTD.,NIFTY FMCG
14707,TIME TECHNOPLAST LTD.,NIFTY COMMODITIES
14712,HINDUJA GLOBAL SOLS. LTD.,NIFTY IT
14732,DLF LIMITED,NIFTY INFRA
14742,AXISAMC - AXSENSEX,NIFTY ETF
14745,ADVANI HOT.& RES.(I) LTD,NIFTY SERVICES SECTOR
14747,011NSETEST,NIFTY ETF
14751,021NSETEST,NIFTY ETF
14753,031NSETEST,NIFTY ETF
14755,041NSETEST,NIFTY ETF
14758,051NSETEST,NIFTY ETF
1476,IDBI BANK LIMITED,NIFTY BANK
14761,NELCAST LIMITED,NIFTY AUTO
14762,061NSETEST,NIFTY ETF
14764,071NSETEST,NIFTY ETF
14767,081NSETEST,NIFTY ETF
14769,091NSETEST,NIFTY ETF
14771,TARMAT LIMITED,NIFTY INFRA
14772,101NSETEST,NIFTY ETF
14774,111NSETEST,NIFTY ETF
14777,121NSETEST,NIFTY ETF
14778,131NSETEST,NIFTY ETF
14781,141NSETEST,NIFTY ETF
14782,151NSETEST,NIFTY ETF
14784,161NSETEST,NIFTY ETF
14786,MIRAEAMC - MANV30F,NIFTY ETF
14788,SUN PHARMA ADV.RES.CO.LTD,NIFTY PHARMA
1480,RUDRABHISHEK ENTERP LTD,NIFTY INFRA
14813,ALLIED DIGITAL SERV. LTD,NIFTY IT
1482,IFB AGRO INDUSTRIES LTD,NIFTY FMCG
14838,DECCAN CEMENTS LIMITED,NIFTY INFRA
14848,ALPA LABORATORIES LTD,NIFTY PHARMA
1485,IFB INDUSTRIES LTD,NIFTY SERVICES SECTOR
14853,OMAXE LIMITED,NIFTY INFRA
14858,KOTAK GOLD ETF,NIFTY ETF
14871,UDAYSHIVAKUMAR INFRA LTD,NIFTY INFRA
14889,ASIAN GRANITO IND. LTD.,NIFTY INFRA
14894,CENTRAL BANK OF INDIA,NIFTY BANK
14900,SAHYADRI INDUSTRIES LTD,NIFTY INFRA
14908,KDDL LIMITED,NIFTY SERVICES SECTOR
1491,IFCI LTD,NIFTY FIN SERVICE
14912,KPR MILL LTD.,NIFTY FMCG
14922,PURAVANKARA LIMITED,NIFTY INFRA
14924,LORENZINI APPARELS LTD,NIFTY FMCG
14937,CIE AUTOMOTIVE INDIA LTD,NIFTY AUTO
14938,MIRAEAMC - MAGS813ETF,NIFTY ETF
1494,RESTAURANT BRAND ASIA LTD,NIFTY SERVICES SECTOR
14942,NAGREEKA CAP & INFR.LTD,NIFTY FIN SERVICE
14947,MOTILAL OSWAL FIN LTD,NIFTY FIN SERVICE
14952,INDOWIND ENERGY LTD,NIFTY ENERGY
14957,MAGNUM VENTURES LTD.,NIFTY SERVICES SECTOR
14966,CSB BANK LIMITED,NIFTY BANK
1497,SHIVA MILLS LIMITED,NIFTY FMCG
14972,KAVERI SEED CO. LTD.,NIFTY COMMODITIES
14977,POWER GRID CORP. LTD.,NIFTY ENERGY
14982,CENTUM ELECTRONICS LTD,NIFTY IT
14992,CONS. CONST. CONSORT LTD,NIFTY INFRA
15007,MANG.CHEM.FERT.LTD,NIFTY COMMODITIES
15017,MAAN ALUMINIUM LIMITED,NIFTY METAL
15032,NIP IND ETF PSU BANK BEES,NIFTY ETF
15034,BAJAJ ELECT.LTD,NIFTY FMCG
15039,CERA SANITARYWARE LTD,NIFTY FMCG
15044,DELTA CORP LIMITED,NIFTY SERVICES SECTOR
15049,ENERGY DEVE. CO.LTD,NIFTY ENERGY
15058,AVALON TECHNOLOGIES LTD,NIFTY IT
15061,KOTAK PSU BANK,NIFTY ETF
15067,BEML LAND ASSETS LIMITED,NIFTY INFRA
15068,RELIGARE ENTER. LTD.,NIFTY FIN SERVICE
1507,MOTILALAMC - G5,NIFTY ETF
15073,BARAK VALLEY CEM. LTD.,NIFTY INFRA
1508,ASTER DM HEALTHCARE LTD.,NIFTY PHARMA
15083,ADANI PORT & SEZ LTD,NIFTY INFRA
15085,UTIAMC - SILVERETF,NIFTY ETF
15119,EDELWEISS FIN SERV LTD,NIFTY FIN SERVICE
1512,THE INDIAN HOTELS CO. LTD,NIFTY SERVICES SECTOR
15121,SHREE VASU LOGISTICS LTD,NIFTY SERVICES SECTOR
15124,KOLTE PATIL DEV. LTD.,NIFTY INFRA
15129,RENAISSANCE GLOBAL LTD,NIFTY FMCG
15136,KAUSHALYA INFRA DEV LTD.,NIFTY INFRA
15141,COLGATE PALMOLIVE LTD.,NIFTY FMCG
15146,JYOTHY LABS LIMITED,NIFTY FMCG
1515,THE INDIA CEMENTS LIMITED,NIFTY INFRA
15151,MADHAV MARBLE & GRANITE,NIFTY INFRA
15157,ROBUST HOTELS LIMITED,NIFTY SERVICES SECTOR
15161,HITECH CORPORATION LTD,NIFTY AUTO
15174,TRANS & RECTI. LTD,NIFTY ENERGY
15179,ECLERX SERVICES LTD,NIFTY IT
15180,KIRLOSKAR PNEUMATIC COM L,NIFTY AUTO
15184,BRIGADE ENTER. LTD,NIFTY INFRA
15199,MANAKSIA LTD.,NIFTY METAL
15204,ARIES AGRO LTD.,NIFTY COMMODITIES
15209,PPAP AUTOMOTIVE LIMITED,NIFTY AUTO
1521,INDIA GLYCOLS LTD,NIFTY COMMODITIES
15214,DHUNSERI VENTURES LIMITED,NIFTY COMMODITIES
15219,PATEL INT. LOG. LTD,NIFTY SERVICES SECTOR
15228,UJJIVAN SMALL FINANC BANK,NIFTY BANK
15229,LICNAMC - LICNFNHGP,NIFTY ETF
15234,AMBIKA COTTON MILL LTD.,NIFTY FMCG
15254,CEAT LIMITED,NIFTY AUTO
15259,RELIANCE POWER LTD.,NIFTY ENERGY
15266,JKUMAR INFR.LTD.,NIFTY INFRA
15271,CORDS CABLE INDUS LTD.,NIFTY AUTO
15278,ONMOBILE GLOBAL LTD.,NIFTY IT
15283,KNR CONSTRU LTD.,NIFTY INFRA
15288,HERCULES HOI. LTD.,NIFTY INFRA
15295,VIRINCHI LIMITED,NIFTY IT
1530,INDIAN HUME PIPE CO. LTD.,NIFTY INFRA
15303,BANG OVERSEAS LTD.,NIFTY FMCG
15308,SEPC LIMITED,NIFTY IT
15313,IRB INFRA DEV LTD.,NIFTY INFRA
15330,QUANTUM GOLD FUND,NIFTY ETF
15332,NMDC LTD.,NIFTY METAL
15337,RAIN INDUSTRIES LIMITED,NIFTY COMMODITIES
15347,GSS INFOTECH LIMITED,NIFTY IT
15355,REC LIMITED,NIFTY FIN SERVICE
15356,DSPAMC - DSPGOLDETF,NIFTY ETF
15360,NAHAR CAP & FIN.,NIFTY FIN SERVICE
15362,V-GUARD IND LTD.,Consumer Durables
15380,MANKIND PHARMA LIMITED,NIFTY PHARMA
15384,DHANI SERVICES LIMITED,NIFTY FIN SERVICE
15391,RACE ECO CHAIN LIMITED,NIFTY SERVICES SECTOR
15399,EIH ASSOCIATED HOTELS LTD,NIFTY SERVICES SECTOR
154,APCOTEX INDUSTRIES LIMITE,NIFTY COMMODITIES
15404,ATAM VALVES LIMITED,NIFTY AUTO
15409,NESCO LTD.,NIFTY SERVICES SECTOR
15414,TITAGARH RAIL SYSTEMS LTD,NIFTY AUTO
15419,DPSC LIMITED,NIFTY ENERGY
15420,ANDHRA CEMENTS LIMITED,NIFTY INFRA
1547,RKEC PROJECTS LIMITED,NIFTY INFRA
15555,HEALTHCARE GLOB. ENT. LTD,NIFTY SERVICES SECTOR
15649,ATAL REALTECH LIMITED,NIFTY INFRA
1565,RAVINDER HEIGHTS LIMITED,NIFTY INFRA
157,APOLLO HOSPITALS ENTER. L,NIFTY SERVICES SECTOR
1570,GMM PFAUDLER LIMITED,NIFTY COMMODITIES
1576,GILLETTE INDIA LTD,NIFTY FMCG
1581,TARC LIMITED,NIFTY INFRA
15883,HINDWARE HME INOVATON LTD,NIFTY FMCG
1593,MANGALAM GLOBAL ENT LTD,NIFTY COMMODITIES
1594,INFOSYS LIMITED,NIFTY IT
1597,INGERSOLL-RAND INDIA LTD,NIFTY AUTO
16045,PRINCE PIPES FITTINGS LTD,NIFTY INFRA
1607,GODHA CABCON INSULAT LTD,NIFTY AUTO
16123,BHARAT WIRE ROPES LTD.,NIFTY METAL
1614,FAIRCHEM ORGANICS LIMITED,NIFTY COMMODITIES
16192,PAVNA INDUSTRIES LIMITED,NIFTY AUTO
1621,TATA INVESTMENT CORP LTD,NIFTY FIN SERVICE
1624,INDIAN OIL CORP LTD,NIFTY ENERGY
16249,INFIBEAM AVENUES LIMITED,NIFTY IT
16253,EDELAMC - EBBETF0430,NIFTY ETF
1627,LINDE INDIA LIMITED,NIFTY COMMODITIES
1628,MRS BECTORS FOOD SPE LTD,NIFTY FMCG
163,APOLLO TYRES LTD,NIFTY AUTO
1630,ION EXCHANGE (INDIA) LTD,NIFTY INFRA
1633,IPCA LABORATORIES LTD,NIFTY PHARMA
16395,MMP INDUSTRIES LIMITED,NIFTY COMMODITIES
16589,VAISHALI PHARMA LIMITED,NIFTY PHARMA
166,ANDHRA PAPER LIMITED,NIFTY COMMODITIES
1660,ITC LTD,NIFTY FMCG
1663,SUNDROP BRANDS LIMITED,NIFTY FMCG
16639,KIRI INDUSTRIES LIMITED,NIFTY COMMODITIES
16658,SIGMA SOLVE LIMITED,NIFTY IT
16669,BAJAJ AUTO LIMITED,NIFTY AUTO
16675,BAJAJ FINSERV LTD.,NIFTY FIN SERVICE
16682,PTC INDUSTRIES LIMITED,NIFTY AUTO
16683,DIGISPICE TECHNOLOGIES LT,NIFTY IT
16696,GHCL TEXTILES LIMITED,NIFTY FMCG
16705,GOKUL REFOILS & SOLV LTD,NIFTY FMCG
16713,UNITED BREWERIES LTD,NIFTY FMCG
16719,ALMONDZ GLOBAL SEC LTD,NIFTY FIN SERVICE
1672,H.G.INFRA ENGINEERING LTD,NIFTY INFRA
16725,RPG LIFE SCIENCES LTD,NIFTY PHARMA
16736,M K PROTEINS LIMITED,NIFTY FMCG
1675,ITI LTD,NIFTY IT
16777,MIRAEAMC - MASILVER,NIFTY ETF
16783,GE VERNOVA T&D INDIA LTD,NIFTY ENERGY
16795,ARCHIDPLY IND. LTD,NIFTY COMMODITIES
16807,LOTUS EYE HOSP & INST L,NIFTY SERVICES SECTOR
1681,IVP LTD,NIFTY FIN SERVICE
16819,QUANTUM NIFTY 50 ETF,NIFTY ETF
16821,VINYL CHEMICALS (I) LTD.,NIFTY COMMODITIES
16822,IKIO TECHNOLOGIES LIMITED,NIFTY IT
16827,KOKUYO CAMLIN LIMITED,NIFTY FMCG
16859,SINDHU TRADE LINKS LTD,NIFTY SERVICES SECTOR
16863,LANDMARK PR.DEV.CO.LTD,NIFTY INFRA
16900,D P WIRES LIMITED,NIFTY AUTO
16913,ARTEMIS MED SERVICE LTD,NIFTY SERVICES SECTOR
16915,ZF COM VE CTR SYS IND LTD,NIFTY AUTO
16921,20 MICRONS LTD,NIFTY COMMODITIES
16927,JOCIL LIMITED,NIFTY COMMODITIES
16933,INDBANK MERCH BANK,NIFTY FIN SERVICE
16943,ASHOKA METCAST LIMITED,NIFTY METAL
16959,ALKALI METALS LTD,NIFTY COMMODITIES
17,GACM TECHNOLOGIES LIMITED,NIFTY SERVICES SECTOR
17022,MAWANA SUGARS LIMITED,NIFTY FMCG
17029,PATANJALI FOODS LIMITED,NIFTY FMCG
17032,THYROCARE TECH LTD,NIFTY SERVICES SECTOR
17044,NIP IND ETF SHARIAH BEES,NIFTY ETF
17053,HMA AGRO INDUSTRIES LTD,NIFTY FMCG
1708,JAY BHARAT MARUTI LTD,NIFTY AUTO
17094,CROMPT GREA CON ELEC LTD,NIFTY AUTO
17105,SUMITOMO CHEM INDIA LTD,NIFTY COMMODITIES
17130,PARAG MILK FOODS LTD.,NIFTY FMCG
17140,IDEAFORGE TECHNO LTD,NIFTY IT
17145,AARTECH SOLONICS LIMITED,NIFTY IT
17152,ICICIPRAMC - ICICIM150,NIFTY ETF
17181,MIRAEAMC - MANXT50,NIFTY ETF
17186,SHRIRAM PIST. & RING LTD,NIFTY AUTO
17187,CYIENT DLM LIMITED,NIFTY IT
17197,PAKKA LIMITED,NIFTY FMCG
1720,JAYSHREE TEA & INDUSTRIES,NIFTY FMCG
17207,DSPAMC - DSPITETF,NIFTY ETF
17256,ALBERT DAVID LIMITED,NIFTY PHARMA
1726,J B CHEMICALS AND PHARMA,NIFTY PHARMA
17263,ARMAN FIN SERV LTD,NIFTY FIN SERVICE
17270,ASPINWALL & CO LTD,NIFTY FMCG
17271,SENCO GOLD LIMITED,Consumer Discretionary
17272,SBI-ETF GOLD,NIFTY ETF
17279,BLS INTL SERVS LTD,NIFTY SERVICES SECTOR
17307,AJMERA REALTY & INF I LTD,NIFTY INFRA
17313,LLOYDS METALS N ENERGY L,NIFTY METAL
17333,MAHINDRA HOLIDAYS LTD,NIFTY SERVICES SECTOR
17351,SALONA COTSPIN LTD.,NIFTY FMCG
17358,UTKARSH SMALL FIN BANK L,NIFTY BANK
17364,VINATI ORGANICS LTD,NIFTY COMMODITIES
17376,EXCEL REALTY N INFRA LTD,NIFTY INFRA
17388,ADANI POWER LTD,NIFTY ENERGY
17395,SBIAMC - SETF10GILT,NIFTY ETF
17397,PREMIER EXPLOSIVES LTD,NIFTY COMMODITIES
17400,NHPC LTD,NIFTY ENERGY
17419,MIRAEAMC - BANKETF,NIFTY ETF
17424,GLOBUS SPIRITS LTD,NIFTY FMCG
17433,NETWEB TECH INDIA LTD,NIFTY IT
17438,OIL INDIA LTD,NIFTY ENERGY
17475,ICICI PRUDENTIAL NV20 ETF,NIFTY ETF
17477,CONTROL PRINT LIMITED,NIFTY IT
17486,EXPLEO SOLUTIONS LIMITED,NIFTY IT
17507,INNOVA CAPTAB LIMITED,NIFTY PHARMA
17520,RATTANINDIA POWER LIMITED,NIFTY ENERGY
17534,MAHANAGAR GAS LTD.,NIFTY ENERGY
17541,DAMODAR INDUSTRIES LTD,NIFTY FMCG
17547,AMRUTAJAN HEALTH LTD,NIFTY PHARMA
1756,JINDAL POLY FILMS LIMITED,NIFTY COMMODITIES
17572,MIRAEAMC - LIQUID,NIFTY ETF
17576,DSPAMC - DSPPVBKETF,NIFTY ETF
17598,ASSO ALCOHOLS & BREW LTD,NIFTY FMCG
17603,MAHINDRA EPC IRRIG LTD,NIFTY INFRA
17613,DSPAMC - DSPSENXETF,NIFTY ETF
17616,DSPAMC - DSPPSBKETF,NIFTY ETF
17625,MOLD-TEK TECHNOLOGIES LTD,NIFTY IT
17635,ZYDUS WELLNESS LIMITED,NIFTY FMCG
17641,SUNTECK REALTY LIMITED,NIFTY INFRA
17651,POKARNA LIMITED,NIFTY COMMODITIES
17659,UNIVERSUS IMAGINGS LTD,NIFTY SERVICES SECTOR
17675,ALOK INDUSTRIES LIMITED,NIFTY FMCG
17685,GPT INFRAPROJECTS LTD,NIFTY INFRA
17691,VIJI FINANCE LIMITED,NIFTY FIN SERVICE
17700,NIP IND ETF LONGTERM GILT,NIFTY ETF
17702,ICICI PRUD MIDCAP SEL ETF,NIFTY ETF
17704,QUESS CORP LIMITED,NIFTY SERVICES SECTOR
17722,DEN NETWORKS LTD,NIFTY MEDIA
17728,ASTEC LIFESCIENCES LTD,NIFTY COMMODITIES
17738,YATHARTH HOSP & TRA C S L,NIFTY SERVICES SECTOR
17747,NIIT LEARNING SYSTEMS LTD,NIFTY SERVICES SECTOR
17752,SHILPA MEDICARE LTD,NIFTY PHARMA
17758,SARDA ENERGY & MIN LTD,NIFTY METAL
17764,REFEX INDUSTRIES LIMITED,NIFTY COMMODITIES
17770,THE GROB TEA COMPANY LTD,NIFTY FMCG
17778,ALLCARGO TERMINALS LTD,NIFTY SERVICES SECTOR
17794,SOMI CONVEYOR BELT. LTD.,NIFTY SERVICES SECTOR
17795,TRANSINDIA REAL ESTATE L,NIFTY INFRA
17801,LLOYDS ENGG WORK LIMITED,NIFTY INFRA
17808,ICICIPRAMC - ICICIQTY30,NIFTY ETF
17818,LTIMINDTREE LIMITED,NIFTY IT
1782,KANPUR PLASTIPACK LIMITED,NIFTY COMMODITIES
17833,AHLUWALIA CONT IND LTD,NIFTY INFRA
17839,GILLANDERS ARBUTHNOT LTD,NIFTY SERVICES SECTOR
17851,D-LINK INDIA LTD,NIFTY IT
17859,REDINGTON LIMITED,NIFTY IT
17869,JSW ENERGY LIMITED,NIFTY ENERGY
17875,GODREJ PROPERTIES LTD,NIFTY INFRA
17881,D.B.CORP LTD,NIFTY MEDIA
17888,GACM TECHNOLOGIES LIMITED,NIFTY SERVICES SECTOR
17903,ABBOTT INDIA LIMITED,NIFTY PHARMA
17922,GEEKAY WIRES LIMITED,NIFTY AUTO
17927,BAYER CROPSCIENCE LTD,NIFTY COMMODITIES
17933,BEARDSELL LIMITED,NIFTY SERVICES SECTOR
17939,HINDUSTAN COPPER LTD,NIFTY METAL
17945,SUVEN PHARMACEUTICALS LTD,NIFTY PHARMA
17957,MMTC LIMITED,NIFTY SERVICES SECTOR
17963,NESTLE INDIA LIMITED,NIFTY FMCG
1797,ANTONY WASTE HDG CELL LTD,NIFTY SERVICES SECTOR
17971,SBI CARDS & PAY SER LTD,NIFTY FIN SERVICE
17987,TRF LIMITED,NIFTY AUTO
17999,UNITED NILGIRI TEA LTD,NIFTY FMCG
18011,WHIRLPOOL OF INDIA LTD,NIFTY FMCG
1802,JYOTI STRUCTURES LTD,NIFTY INFRA
18026,SBFC FINANCE LIMITED,NIFTY FIN SERVICE
18029,MBL INFRASTRUCTURE LTD,NIFTY INFRA
18039,ADVANCED ENZYME TECH LTD,NIFTY PHARMA
18049,MINDTECK (INDIA) LIMITED,NIFTY IT
18060,CONCORD BIOTECH LIMITED,NIFTY PHARMA
1808,KAJARIA CERAMICS LTD,NIFTY INFRA
18086,DILIP BUILDCON LIMITED,NIFTY INFRA
18096,JUBILANT FOODWORKS LTD,NIFTY SERVICES SECTOR
181,RAJDARSHAN INDUSTRIES LTD,NIFTY FMCG
18102,KOTAK NIFTY ETF,NIFTY ETF
1811,KAKATIYA CEM SUGAR &IND L,NIFTY FMCG
18110,VASCON ENGINEERS LTD,NIFTY INFRA
18118,THANGAMAYIL JEWELLERY LTD,NIFTY SERVICES SECTOR
18119,SRG HOUSING FINANCE L,NIFTY FIN SERVICE
18124,VALOR ESTATE LIMITED,NIFTY INFRA
18131,YASHO INDUSTRIES LIMITED,NIFTY COMMODITIES
1814,KALPATARU PROJECT INT LTD,NIFTY INFRA
18142,EMMBI INDUSTRIES LIMITED,NIFTY COMMODITIES
18143,JIO FIN SERVICES LTD,NIFTY FIN SERVICE
18151,TVS SUPPLY CHAIN SOL L,NIFTY SERVICES SECTOR
18154,HATHWAY CABLE & DATACOM,NIFTY MEDIA
18208,ORIENT PRESS LIMITED,NIFTY MEDIA
18214,TEXMO PIPE & PRODUCTS LTD,NIFTY INFRA
18220,KIRLOSKAR ELECTRIC CO LTD,NIFTY AUTO
18226,MAN INFRA LTD,NIFTY INFRA
18250,PYRAMID TECHNOPLAST LTD,NIFTY COMMODITIES
18252,S. P. APPARELS LIMITED,NIFTY FMCG
1826,KAMAT HOTELS (I) LTD,NIFTY SERVICES SECTOR
18268,AEROFLEX INDUSTRIES LTD,NIFTY AUTO
18279,HDFCAMC - HDFCLIQUID,NIFTY ETF
18284,NIP IND ETF HANGSENG BEES,NIFTY ETF
18292,INVESCO INDIA GOLD ETF,NIFTY ETF
18321,LG BALAKRISHNAN & BROS,NIFTY AUTO
18341,VISHNU PRAKASH R PUNGLI L,NIFTY INFRA
18347,UTIAMC - NIFMID150,NIFTY ETF
1835,KANORIA CHEMICALS & INDUS,NIFTY COMMODITIES
18359,SANDUR MANG & IRON ORES L,NIFTY METAL
18365,PERSISTENT SYSTEMS LTD,NIFTY IT
18371,NAGA DHUNSERI GROUP LTD,NIFTY FMCG
1838,KARUR VYSYA BANK LTD,NIFTY BANK
18391,RBL BANK LIMITED,NIFTY BANK
184,TCPL PACKAGING LIMITED,NIFTY COMMODITIES
1841,KCP LTD,NIFTY INFRA
18417,RISHABH INSTRUMENTS LTD,NIFTY AUTO
18423,RATNAVEER PRECISION ENG L,NIFTY AUTO
18431,BIGBLOC CONSTRUCTION LTD,NIFTY INFRA
18457,HITACHI ENERGY INDIA LTD,NIFTY ENERGY
18479,INTRASOFT TECH. LTD,NIFTY IT
18520,CUPID LIMITED,NIFTY SERVICES SECTOR
18543,DIAMOND POWER INFRA LTD,NIFTY ENERGY
18553,JUPITER LIFE LINE HOSP L,NIFTY SERVICES SECTOR
18562,MITTAL LIFE STYLE LIMITED,NIFTY FMCG
18564,L&T TECHNOLOGY SER. LTD.,NIFTY IT
18566,R R KABEL LIMITED,NIFTY AUTO
18571,GNA AXLES LIMITED,NIFTY AUTO
18581,KIRLOSKAR BROTHERS LTD,NIFTY AUTO
18593,EMS LIMITED,NIFTY AUTO
18608,ZAGGLE PREPA OCEAN SER L,NIFTY IT
18614,SAMHI HOTELS LIMITED,NIFTY SERVICES SECTOR
18644,DIAMINES & CHEMICALS LTD,NIFTY COMMODITIES
18652,ICICI PRU LIFE INS CO LTD,NIFTY FIN SERVICE
18659,MARATHON NXTGEN REALT LTD,NIFTY INFRA
18679,HPL ELECTRIC & POWER LTD,NIFTY ENERGY
18721,NUVAMA WEALTH MANAGE LTD,NIFTY FIN SERVICE
18743,SIGNATUREGLOBAL INDIA LTD,NIFTY INFRA
18755,SAI SILKS (KALAMANDIR) L,NIFTY FMCG
18760,YATRA ONLINE LIMITED,NIFTY SERVICES SECTOR
18783,BANDHANAMC - IDFNIFTYET,NIFTY ETF
1879,CARYSIL LIMITED,NIFTY INFRA
18822,ENDURANCE TECHNO. LTD.,NIFTY AUTO
18840,NIRAJ ISPAT IND LTD,NIFTY METAL
18883,SJVN LTD,NIFTY ENERGY
18889,KALYANI STEELS LIMITED,NIFTY METAL
18908,PNB HOUSING FIN LTD.,NIFTY FIN SERVICE
18921,VARUN BEVERAGES LIMITED,NIFTY FMCG
18931,SUNDARAM MULTI PAP LTD,NIFTY FMCG
18944,KINGFA SCI & TEC IND LTD.,NIFTY COMMODITIES
18962,RAJRATAN GLOBAL WIRE LTD,NIFTY METAL
18967,KAPSTON SERVICES LIMITED,NIFTY SERVICES SECTOR
18977,UNIVASTU INDIA LIMITED,NIFTY INFRA
19,STYRENIX PERFORMANCE LTD,NIFTY COMMODITIES
1901,CUMMINS INDIA LTD,NIFTY AUTO
19015,MANOJ VAIBHAV GEM N JEW L,NIFTY SERVICES SECTOR
19020,JSW INFRASTRUCTURE LTD,NIFTY INFRA
19025,KIRLOSKAR INDUSTRIES LTD,NIFTY AUTO
19036,PODDAR PIGMENTS LIMITED,NIFTY COMMODITIES
19061,MANAPPURAM FINANCE LTD,NIFTY FIN SERVICE
19073,AARVI ENCON LIMITED,NIFTY SERVICES SECTOR
19084,NIP IND ETF IT,NIFTY ETF
19097,SILLY MONKS ENTERTAIN LTD,NIFTY MEDIA
19104,ROLLATAINERS LIMITED,NIFTY COMMODITIES
19111,N.B.I. IND. FIN. CO. LTD,NIFTY FIN SERVICE
19113,UPDATER SERVICES LIMITED,NIFTY SERVICES SECTOR
19126,KIOCL LIMITED,NIFTY METAL
19184,SHEELA FOAM LIMITED,NIFTY FMCG
1919,KOPRAN LTD,NIFTY PHARMA
19196,TILAKNAGAR INDUSTRIES LTD,NIFTY FMCG
19211,HINDUSTAN MEDIA VENT LTD,NIFTY MEDIA
1922,KOTAK MAHINDRA BANK LTD,NIFTY BANK
19223,TCI EXPRESS LIMITED,NIFTY SERVICES SECTOR
19224,MIRAEAMC - SENSEXETF,NIFTY ETF
19233,AARTI SURFACTANTS LIMITED,NIFTY COMMODITIES
19234,LAURUS LABS LIMITED,NIFTY PHARMA
19235,INDIAN METALS & FERRO,NIFTY METAL
19237,MOTILALAMC - MONIFTY500,NIFTY ETF
19265,BLISS GVS PHARMA LTD,NIFTY PHARMA
1927,DSP LIQUID ETF,NIFTY ETF
19277,EMAMI REALTY LIMITED,NIFTY INFRA
19279,THEJO ENGINEERING LIMITED,NIFTY SERVICES SECTOR
19289,MOTILAL OSWAL M50 ETF,NIFTY ETF
19299,INDIA TOUR. DEV. CO. LTD.,NIFTY SERVICES SECTOR
193,ARVIND LIMITED,NIFTY FMCG
19322,HISAR METAL IND. LIMITED,NIFTY METAL
1937,KREBS BIOCHEMICALS & IND,NIFTY PHARMA
19401,BOROSIL LIMITED,NIFTY FMCG
19410,ROSSARI BIOTECH LIMITED,NIFTY COMMODITIES
19438,ASIAN HOTELS (EAST) LTD,NIFTY SERVICES SECTOR
19447,CAPITAL TRUST LIMITED,NIFTY FIN SERVICE
19458,PLAZA WIRES LIMITED,NIFTY AUTO
1949,KSB LIMITED,NIFTY AUTO
19496,SECMARK CONSULTANCY LTD,NIFTY IT
19525,INDUSTRIAL INV TRUST LTD,NIFTY FIN SERVICE
19531,BAJAJ CONSUMER CARE LTD,NIFTY FMCG
19543,HDFC GOLD ETF,NIFTY ETF
19556,BHANDARI HOSIERY EXP LTD,NIFTY FMCG
19578,THE UGAR SUGAR WORKS LTD,NIFTY FMCG
19585,BSE LIMITED,NIFTY FIN SERVICE
19597,IRM ENERGY LIMITED,NIFTY ENERGY
19599,PRAKASH STEELAGE LTD,NIFTY METAL
19631,PRICOL LIMITED,NIFTY AUTO
19633,MIRAEAMC - ITETF,NIFTY ETF
1964,TRENT LTD,NIFTY SERVICES SECTOR
19640,MIRAEAMC - ALPHAETF,NIFTY ETF
19646,MAX ESTATES LIMITED,NIFTY INFRA
19679,ICICI PRUDENTIAL GOLD ETF,NIFTY ETF
19686,BLUE JET HEALTHCARE LTD,NIFTY PHARMA
19705,SBIAMC - LIQUIDSBI,NIFTY ETF
19731,GUJARAT PIPAVAV PORT LTD,NIFTY INFRA
19761,ADF FOODS LIMITED,NIFTY FMCG
19783,MUFIN GREEN FINANCE LTD,NIFTY FIN SERVICE
1979,LMW LIMITED,NIFTY AUTO
19795,CELLO WORLD LIMITED,NIFTY FMCG
19800,WELSPUN INV & COMM LTD,NIFTY METAL
19813,HONASA CONSUMER LIMITED,NIFTY FMCG
19867,AMINES & PLASTICIZERS LTD,NIFTY COMMODITIES
19876,LAXMI GOLDORNA HOUSE LTD,NIFTY FMCG
19877,MUSIC BROADCAST LIMITED,NIFTY MEDIA
19878,ESAF SMALL FINANCE BANK L,NIFTY BANK
199,MAS FINANCIAL SERV LTD,NIFTY FIN SERVICE
19913,AVENUE SUPERMARTS LIMITED,NIFTY SERVICES SECTOR
19931,ORISSA MIN DEV CO LTD,NIFTY METAL
19933,EDELAMC - EGOLD,NIFTY ETF
19937,KILITCH DRUGS INDIA LTD,NIFTY PHARMA
1994,LIBERTY SHOES LTD,NIFTY FMCG
19943,DEEPAK NITRITE LTD,NIFTY COMMODITIES
1997,LIC HOUSING FINANCE LTD,NIFTY FIN SERVICE
2004,AHLADA ENGINEERS LIMITED,NIFTY INFRA
20063,SASTASUNDAR VENTURES LTD,NIFTY PHARMA
20071,INTENSE TECHNOLOGIES LTD,NIFTY IT
20072,NIP IND ETF INFRA BEES,NIFTY ETF
20092,TASTY BITE EATABLES LTD,NIFTY FMCG
201,UNITED DRILLING TOOLS LTD,NIFTY ENERGY
20110,ORIENT GREEN POWER CO LTD,NIFTY ENERGY
20134,RAMKY INFRA LTD,NIFTY INFRA
20152,ASK AUTOMOTIVE LIMITED,NIFTY AUTO
20159,ARIHANT SUPERSTRUCT LTD,NIFTY INFRA
20160,CANTABIL RETAIL LTD,NIFTY SERVICES SECTOR
20178,AKSHARCHEM INDIA LIMITED,NIFTY COMMODITIES
2018,LUMAX INDUSTRIES LTD,NIFTY AUTO
20182,ASHOKA BUILDCON LTD,NIFTY INFRA
20188,VA TECH WABAG LTD,NIFTY INFRA
20196,BEDMUTHA INDUST LTD,NIFTY AUTO
20203,URJA GLOBAL LIMITED,NIFTY ENERGY
20223,CL EDUCATE LIMITED,NIFTY SERVICES SECTOR
20224,JUPITER WAGONS LIMITED,NIFTY AUTO
20242,OBEROI REALTY LIMITED,NIFTY INFRA
20257,EDELAMC - ESILVER,NIFTY ETF
20261,INDIAN RENEWABLE ENERGY,NIFTY ENERGY
2028,LYKA LABS LTD,NIFTY PHARMA
20293,TATA TECHNOLOGIES LIMITED,NIFTY AUTO
20296,SHAH METACORP LIMITED,NIFTY FIN SERVICE
203,ASHAPURA MINECHEM LTD,NIFTY COMMODITIES
20302,PRESTIGE ESTATE LTD,NIFTY INFRA
20303,GANDHAR OIL REFINE IND L,NIFTY ENERGY
2031,MAHINDRA & MAHINDRA LTD,NIFTY AUTO
20314,N R AGARWAL INDS LTD,NIFTY COMMODITIES
20321,SHANKARA BLDG PRODUCT LTD,NIFTY INFRA
20322,FEDBANK FINANCIAL SER L,NIFTY BANK
20323,RESPONSIVE INDUSTRIES LTD,NIFTY COMMODITIES
20329,CAPRI GLOBAL CAPITAL LTD,NIFTY FIN SERVICE
20372,FLAIR WRITING INDUST LTD,NIFTY FMCG
20374,COAL INDIA LTD,NIFTY ENERGY
20413,IOL CHEM AND PHARMA LTD,NIFTY PHARMA
2043,THE RAMCO CEMENTS LIMITED,NIFTY INFRA
20453,ANJANI PORTLAND CEM LTD,NIFTY INFRA
2048,INDIGO PAINTS LIMITED,NIFTY COMMODITIES
20481,THE WESTERN INDIA PLY LTD,NIFTY COMMODITIES
2049,CHENNAI PETROLEUM CORP LT,NIFTY ENERGY
20531,BAJEL PROJECTS LIMITED,NIFTY INFRA
20532,AXIS MF - AXIS GOLD ETF,NIFTY ETF
20534,GRAVITA INDIA LIMITED,NIFTY METAL
20547,BARODABNP - BBNPPGOLD,NIFTY ETF
20551,DOMS INDUSTRIES LIMITED,NIFTY FMCG
20556,INDIA SHELTER FIN CORP L,NIFTY FIN SERVICE
2056,HOME FIRST FIN CO IND LTD,NIFTY FIN SERVICE
20560,DOLLAR INDUSTRIES LIMITED,NIFTY FMCG
20607,INOX INDIA LIMITED,NIFTY AUTO
20616,SUPERHOUSE LIMITED,NIFTY FMCG
20621,PENNAR INDUSTRIES LTD,NIFTY AUTO
20642,JINDAL WORLDWIDE LTD,NIFTY METAL
20698,S CHAND AND COMPANY LTD,NIFTY SERVICES SECTOR
2073,VARDHMAN TEXTILES LIMITED,NIFTY FMCG
20776,BHAGYANAGAR INDIA LIMITED,NIFTY METAL
20778,JAMNA AUTO IND LTD,NIFTY AUTO
20788,MOTISONS JEWELLERS LTD,NIFTY SERVICES SECTOR
20822,SURAJ ESTATE DEVELOPERS L,NIFTY INFRA
20825,HSG & URBAN DEV CORPN LTD,NIFTY INFRA
20830,MOIL LIMITED,NIFTY METAL
20831,MUTHOOT MICROFIN LIMITED,NIFTY FIN SERVICE
2085,MAHARASHTRA SCOOTERS LTD,NIFTY AUTO
20852,ZEE LEARN LIMITED,NIFTY SERVICES SECTOR
20854,HAPPY FORGINGS LIMITED,NIFTY AUTO
20877,PSP PROJECTS LIMITED,NIFTY INFRA
20878,CREDO BRANDS MARKETING L,NIFTY FMCG
2088,MAHARASHTRA SEAMLESS LTD,NIFTY METAL
20905,AZAD ENGINEERING LIMITED,NIFTY AUTO
20906,A2Z INFRA ENGINEERING LTD,NIFTY INFRA
20936,KIRLOSKAR OIL ENG LTD,NIFTY AUTO
20950,RAVI KUMAR DIST. LTD.,NIFTY SERVICES SECTOR
20956,SUNDARAM CLAYTON LIMITED,NIFTY AUTO
21001,PUNJAB & SIND BANK,NIFTY BANK
2106,MANGALAM CEMENT LTD,NIFTY INFRA
21062,INNOVA CAPTAB LIMITED,NIFTY PHARMA
2107,STOVE KRAFT LIMITED,NIFTY FMCG
21077,SURANA SOLAR LIMITED,NIFTY ENERGY
21091,STAR CEMENT LIMITED,NIFTY INFRA
21113,BF INVESTMENT LIMITED,NIFTY FIN SERVICE
21119,KALYANI INVEST CO LTD,NIFTY FIN SERVICE
2112,MARAL OVERSEAS LTD,NIFTY FMCG
21131,TEJAS NETWORKS LIMITED,NIFTY IT
21154,ERIS LIFESCIENCES LIMITED,NIFTY PHARMA
21174,CENTRAL DEPO SER (I) LTD,NIFTY FIN SERVICE
21195,GTPL HATHWAY LIMITED,NIFTY MEDIA
212,ASHOK LEYLAND LTD,NIFTY AUTO
21238,AU SMALL FINANCE BANK LTD,NIFTY BANK
2124,MASTEK LTD,NIFTY IT
21247,DIGIDRIVE DISTRIBUTORS L,NIFTY SERVICES SECTOR
21252,AXISAMC - AXISNIFTY,NIFTY ETF
21254,ICICI PR NIF LW VL 30 ETF,NIFTY ETF
21275,SUMMIT SECURITIES LTD,NIFTY FIN SERVICE
21314,DYNEMIC PRODUCTS LIMITED,NIFTY COMMODITIES
21334,JYOTI CNC AUTOMATION LTD,NIFTY INFRA
21339,STEEL EXCHANGE INDIA LTD,NIFTY METAL
21362,SALASAR TECHNO ENGG. LTD.,NIFTY INFRA
21383,PALASH SECURITIES LTD,NIFTY FIN SERVICE
21392,MAGADH SUGAR & ENERGY LTD,NIFTY FMCG
21399,GANGES SECURITIES LIMITED,NIFTY FIN SERVICE
21401,TATAAML-TATAGOLD,NIFTY ETF
21406,AVADH SUG & ENERGY LTD,NIFTY FMCG
2142,MAX FINANCIAL SERV LTD,NIFTY FIN SERVICE
21423,MOTILAL OS MIDCAP100 ETF,NIFTY ETF
21427,THE INVEST TRUST OF IND L,NIFTY FIN SERVICE
21428,TATAAML-TATSILV,NIFTY ETF
2144,BHARAT DYNAMICS LIMITED,NIFTY AUTO
21469,OPTIEMUS INFRACOM LTD,NIFTY IT
21478,UTIAMC - UTINEXT50,NIFTY ETF
21501,SIS LIMITED,NIFTY SERVICES SECTOR
21508,COCHIN SHIPYARD LIMITED,NIFTY INFRA
21551,SMS LIFESCIENCES (I) LTD,NIFTY PHARMA
21578,COMMERCIAL SYN BAGS LTD,NIFTY COMMODITIES
21614,ADITYA BIRLA CAPITAL LTD.,NIFTY FIN SERVICE
21623,APEX FROZEN FOODS LIMITED,NIFTY FMCG
21676,HINDUSTAN MOTORS LIMITED,NIFTY AUTO
21690,DIXON TECHNO (INDIA) LTD,NIFTY IT
21704,DISHMAN CARBO AMCIS LTD,NIFTY PHARMA
21705,MEDI ASSIST HEALTH SER L,NIFTY PHARMA
21713,LASA SUPERGENERICS LTD,NIFTY PHARMA
21726,MATRIMONY.COM LIMITED,NIFTY SERVICES SECTOR
21733,RELIANCE HOME FINANCE LTD,NIFTY FIN SERVICE
21740,CHOLAMANDALAM FIN HOL LTD,NIFTY FIN SERVICE
21749,CAPACITE INFRAPROJECT LTD,NIFTY INFRA
21750,ZERODHAAMC - LIQUIDCASE,NIFTY ETF
2176,AKG EXIM LIMITED,NIFTY SERVICES SECTOR
21770,ICICI LOMBARD GIC LIMITED,NIFTY FIN SERVICE
21794,DAVANGERE SUGAR COMPANY L,NIFTY FMCG
21808,SBI LIFE INSURANCE CO LTD,NIFTY FIN SERVICE
2181,BOSCH LIMITED,NIFTY AUTO
21828,TEXMACO RAIL & ENG. LTD.,NIFTY INFRA
2183,SUNDARAM FINANCE HOLD LTD,NIFTY FIN SERVICE
21840,PRATAAP SNACKS LIMITED,NIFTY FMCG
2188,GENERIC ENG CONS PROJ LTD,NIFTY INFRA
21951,HFCL LIMITED,NIFTY IT
21957,IND TERRAIN FASHIONS LTD,Consumer Discretionary
21959,BFAM - NIFTYBETF,NIFTY ETF
21986,BFAM - BANKBETF,NIFTY ETF
22,ACC LIMITED,NIFTY INFRA
220,INDIAN ENERGY EXC LTD,NIFTY SERVICES SECTOR
22233,DHUNSERI INVESTMENTS LTD,NIFTY FIN SERVICE
22239,EDELAMC - EBBETF0431,NIFTY ETF
22255,NDR AUTO COMPONENTS LTD,NIFTY AUTO
22277,WORTH PERIPHERALS LIMITED,NIFTY IT
2229,MODI RUBBER LTD,NIFTY AUTO
22344,ICICIPRAMC - ICICIALPLV,NIFTY ETF
22360,MADHAV COPPER LIMITED,NIFTY METAL
22365,ICICIPRAMC - ICICITECH,NIFTY ETF
22377,MAX HEALTHCARE INS LTD,NIFTY SERVICES SECTOR
2241,MODERN THREADS INDIA LTD,NIFTY COMMODITIES
22415,LOVABLE LINGERIE LTD,Consumer Discretionary
22423,TOTAL TRANSPORT SYS LTD,NIFTY SERVICES SECTOR
22428,MAX INDIA LIMITED,NIFTY SERVICES SECTOR
22433,HDFCAMC - HDFCNIFBAN,NIFTY ETF
22440,UTIAMC - UTIBANKETF,NIFTY ETF
22463,EPACK DURABLE LIMITED,NIFTY FMCG
22477,NOVA AGRITECH LIMITED,NIFTY COMMODITIES
22488,UTIAMC - NIFITETF,NIFTY ETF
22521,UTIAMC - NIF5GETF,NIFTY ETF
22524,UTIAMC - NIF10GETF,NIFTY ETF
22566,BLS E-SERVICES LIMITED,NIFTY SERVICES SECTOR
2259,MOREPEN LAB. LTD,NIFTY PHARMA
22592,DSPAMC - HEALTHADD,NIFTY ETF
22595,HDFCAMC HDFCPSUBK,NIFTY ETF
22602,PTC INDIA FIN SERV LTD,NIFTY FIN SERVICE
2263,BANDHAN BANK LIMITED,NIFTY BANK
22649,PARKHOTELS,NIFTY SERVICES SECTOR
22656,SIGNPOST INDIA LIMITED,NIFTY SERVICES SECTOR
22663,JANA SMALL FIN BANK LTD,NIFTY BANK
22670,RASHI PERIPHERALS LIMITED,NIFTY SERVICES SECTOR
22675,CAPITAL SMALL FIN BANK L,NIFTY BANK
2268,MOTOR & GENERAL FINANCE L,NIFTY FIN SERVICE
22717,ENTERO HEALTHCARE SOLU L,NIFTY PHARMA
22722,LICNAMC - LICNMID100,NIFTY ETF
22730,VIBHOR STEEL TUBES LTD,NIFTY METAL
22739,MOTILAL OS NASDAQ100 ETF,NIFTY ETF
2275,IRIS CLOTHINGS LIMITED,NIFTY FMCG
2277,MRF LTD,NIFTY AUTO
22824,JUNIPER HOTELS LIMITED,NIFTY SERVICES SECTOR
2283,MRPL,NIFTY ENERGY
22832,MIRAEAMC - SMALLCAP,NIFTY ETF
22846,GPT HEALTHCARE LIMITED,NIFTY SERVICES SECTOR
2289,HLE GLASCOAT LIMITED,NIFTY SERVICES SECTOR
22901,ZERODHAAMC - GOLDCASE,NIFTY ETF
22930,PLATINUM INDUSTRIES LTD,NIFTY COMMODITIES
2294,MAHANAGAR TELEPHONE NIGAM,NIFTY SERVICES SECTOR
22947,EXICOM TELE SYSTEMS LTD,NIFTY ENERGY
22980,MUKKA PROTEINS LIMITED,NIFTY FMCG
23027,LANCOR HOLDINGS LIMITED,NIFTY INFRA
2303,HINDUSTAN AERONAUTICS LTD,NIFTY AUTO
23043,R K SWAMY LIMITED,NIFTY SERVICES SECTOR
23056,J.G.CHEMICALS LIMITED,NIFTY COMMODITIES
23066,GOPAL SNACKS LIMITED,NIFTY FMCG
2307,MUNJAL SHOWA LTD,NIFTY AUTO
23127,SHIPPING CORP OF ILA LTD,NIFTY SERVICES SECTOR
2313,MURUDESHWAR CERAMICS LTD,NIFTY INFRA
23142,POPULAR VEHICLES N SER L,NIFTY SERVICES SECTOR
2316,HEIDELBERGCEMENT (I) LTD,NIFTY INFRA
23175,KRYSTAL INTEGRATED SER L,NIFTY SERVICES SECTOR
23181,MOTILALAMC - MOSMALL250,NIFTY ETF
23184,MOTILALAMC - MOREALTY,NIFTY ETF
2319,NCC LIMITED,NIFTY INFRA
2320,SMC GLOBAL SECURITIES LTD,NIFTY FIN SERVICE
2328,CPSE ETF,NIFTY ETF
2331,JAYASWAL NECO INDUSTR LTD,NIFTY METAL
23402,SRM CONTRACTORS LIMITED,NIFTY INFRA
23407,DSPAMC - LIQUIDADD,NIFTY ETF
23446,171NSETEST,NIFTY ETF
23447,181NSETEST,NIFTY ETF
23480,SINCLAIRS HOTELS LIMITED,NIFTY SERVICES SECTOR
23489,BHARTI HEXACOM LIMITED,NIFTY SERVICES SECTOR
235,AAKASH EXPLORATION SER L,NIFTY ENERGY
2354,KBC GLOBAL LIMITED,NIFTY SERVICES SECTOR
23553,AUTHUM INVEST & INFRA LTD,NIFTY FIN SERVICE
23590,GLOSTER LIMITED,Consumer Durables
236,ASIAN PAINTS LIMITED,NIFTY COMMODITIES
23607,BALU FORGE INDUSTRIES LTD,NIFTY AUTO
23621,JNK INDIA LIMITED,NIFTY INFRA
23650,MUTHOOT FINANCE LIMITED,NIFTY FIN SERVICE
23693,INDEGENE LIMITED,NIFTY SERVICES SECTOR
23729,AADHAR HOUSING FINANCE L,NIFTY FIN SERVICE
23740,TBO TEK LIMITED,NIFTY SERVICES SECTOR
23799,GO DIGIT GENERAL INS LTD,NIFTY FIN SERVICE
23804,ADITYBIRLA SL GOLD ETF-GR,NIFTY ETF
23806,BIRLASLAMC-ABSLPSE,NIFTY ETF
2385,NAVNEET EDUCATION LTD,NIFTY SERVICES SECTOR
23855,MIRAEAMC - MIDSMALL,NIFTY ETF
23864,AWFIS SPACE SOLUTIONS LTD,NIFTY SERVICES SECTOR
2388,NELCO LTD,NIFTY IT
23915,BFAM - LIQUIDBETF,NIFTY ETF
2397,SANDHAR TECHNOLOGIES LTD,NIFTY AUTO
24014,BOROSIL SCIENTIFIC LTD,NIFTY SERVICES SECTOR
24025,KRONOX LAB SCIENCES LTD,NIFTY PHARMA
2406,NEULAND LAB LTD.,NIFTY PHARMA
24067,LE TRAVENUES TECHNOLOGY L,NIFTY SERVICES SECTOR
24077,ZERODHAAMC - MID150CASE,NIFTY ETF
24081,ZERODHAAMC - TOP100CASE,NIFTY ETF
24117,BARODABNP - BBNPNBETF,NIFTY ETF
2412,PIRAMAL ENTERPRISES LTD,NIFTY PHARMA
24145,JHS SVENDGAARD RETAIL V L,NIFTY FMCG
24154,DEE DEVELOPMENT ENG LTD,NIFTY INFRA
24159,AKME FINTRADE (INDIA) LTD,NIFTY FIN SERVICE
24184,PI INDUSTRIES LTD,NIFTY COMMODITIES
24190,SYMPHONY LIMITED,Consumer Durables
24196,VADILAL INDUSTRIES LTD,NIFTY FMCG
2421,NILKAMAL LIMITED,NIFTY COMMODITIES
24217,INVESCO INDIA NIFTY ETF,NIFTY ETF
24225,RELAXO FOOT LTD.,Consumer Discretionary
24226,STANLEY LIFESTYLES LTD,NIFTY COMMODITIES
24231,OM INFRA LIMITED,NIFTY INFRA
24265,ESTER INDUSTRIES LTD,NIFTY COMMODITIES
24292,VST TILLERS TRACTORS LTD,NIFTY INFRA
24308,ALLIED BLEND N DISTILS L,NIFTY FMCG
2431,RAILTEL CORP OF IND LTD,NIFTY SERVICES SECTOR
24321,VRAJ IRON AND STEEL LTD,NIFTY METAL
2435,NIP IND ETF CONSUMPTION,NIFTY ETF
24366,SBIAMC - SBISILVER,NIFTY ETF
24374,SHRIRAM - LIQUIDSHRI,NIFTY ETF
24378,RELIABLE DATA SERVICE LTD,NIFTY IT
24385,KARMA ENERGY LIMITED,NIFTY ENERGY
24386,BANSAL WIRE INDUSTRIES L,NIFTY METAL
2439,NK INDUSTRIES LTD,NIFTY FMCG
24398,EMCURE PHARMACEUTICALS L,NIFTY PHARMA
24403,ASHIANA HOUSING LTD,NIFTY INFRA
24404,BIRLASLAMC - ABGSEC,NIFTY ETF
24409,DHANUKA AGRITECH LTD,NIFTY COMMODITIES
2442,NOCIL LIMITED,NIFTY COMMODITIES
24445,AGI INFRA LIMITED,NIFTY INFRA
24461,MIRAEAMC - EVINDIA,NIFTY ETF
245,ARCHIDPLY DECOR LIMITED,NIFTY COMMODITIES
24524,SBIAMC - SBINEQWETF,NIFTY ETF
24532,FILATEX INDIA LTD,NIFTY COMMODITIES
24533,ICICIPRAMC - OILIETF,NIFTY ETF
24538,MAITHAN ALLOYS LTD,NIFTY METAL
2454,CENTRUM CAPITAL LIMITED,NIFTY FIN SERVICE
24582,SANSTAR LIMITED,NIFTY COMMODITIES
24595,RUSHIL DECOR LIMITED,NIFTY INFRA
24596,RAVINDRA ENERGY LIMITED,NIFTY ENERGY
24610,AVANTEL LIMITED,NIFTY IT
2463,MISHRA DHATU NIGAM LTD,NIFTY METAL
24715,AKUMS DRUGS AND PHARMA L,NIFTY PHARMA
2472,OIL COUNTRY TUBULAR LTD,NIFTY ENERGY
24730,RUBFILA INTERNATIONAL LTD,NIFTY FMCG
24735,RAGHAV PRODUCTIVITY ENH L,NIFTY SERVICES SECTOR
24742,CEIGALL INDIA LIMITED,NIFTY INFRA
2475,OIL AND NATURAL GAS CORP.,NIFTY ENERGY
24777,OLA ELECTRIC MOBILITY LTD,NIFTY AUTO
24781,ADITYBIRLA SL NIF ETF-GR,NIFTY ETF
24798,GROWWAMC - GROWWEV,NIFTY ETF
24809,UNICOMMERCE ESOLUTIONS L,NIFTY IT
2481,ONWARD TECHNOLOGIES LTD,NIFTY IT
24814,BRAINBEES SOLUTIONS LTD,NIFTY SERVICES SECTOR
24823,MANGAL CREDIT N FINCORP L,NIFTY FIN SERVICE
24847,BIRLASLAMC - GSEC10ABSL,NIFTY ETF
24856,SARASWATI SAREE DEPOT LTD,NIFTY FMCG
24861,ICICIPRAMC - METALIETF,NIFTY ETF
24870,INVENTURE GRO & SEC LTD,NIFTY FIN SERVICE
24909,INTERARCH BLDNG SOLTN LTD,NIFTY INFRA
2493,ORIENT HOTELS LTD,NIFTY SERVICES SECTOR
24944,MOTILALAMC - MODEFENCE,NIFTY ETF
24948,L&T FINANCE LIMITED,NIFTY FIN SERVICE
2496,ORIENT PAPER AND INDS LTD,NIFTY COMMODITIES
24961,ORIENT TECHNOLOGIES LTD,NIFTY IT
24966,SURAJ LIMITED,NIFTY SERVICES SECTOR
24969,WINDSOR MACHINES LIMITED,NIFTY AUTO
24999,YAARI DIGI INT SER LTD,NIFTY SERVICES SECTOR
25,ADANI ENTERPRISES LIMITED,NIFTY INFRA
25017,BODAL CHEMICALS LTD,NIFTY COMMODITIES
25049,PREMIER ENERGIES LIMITED,NIFTY ENERGY
25060,ECOS (INDIA) MOB & HOSP L,NIFTY SERVICES SECTOR
25073,RAYMOND LIFESTYLE LIMITED,NIFTY FMCG
25080,MIRAEAMC - MULTICAP,NIFTY ETF
25114,BAAZAR STYLE RETAIL LTD,NIFTY SERVICES SECTOR
2513,BCL INDUSTRIES LIMITED,NIFTY FMCG
25134,GALA PRECISION ENG LTD,NIFTY AUTO
2514,OSWAL AGRO MILLS LTD,NIFTY FMCG
25162,EUREKA FORBES LIMITED,NIFTY FMCG
25171,DSPAMC - TOP10ADD,NIFTY ETF
25178,TD POWER SYSTEMS LTD.,NIFTY ENERGY
25203,SHREE TIRUPATI BALAJEE L,NIFTY SERVICES SECTOR
25222,SANOFI CONS HEALTHC IND L,NIFTY PHARMA
25235,XTGLOBAL INFOTECH LIMITED,NIFTY IT
25252,KROSS LIMITED,NIFTY FMCG
25258,EDELAMC - EBANKNIFTY,NIFTY ETF
25270,BAJAJ HOUSING FINANCE LTD,NIFTY FIN SERVICE
25312,P N GADGIL JEWELLERS LTD,Consumer Discretionary
25328,ALEMBIC PHARMA LTD,NIFTY PHARMA
25340,VASWANI IND LTD,NIFTY COMMODITIES
2535,P&G HYGIENE & HEALTH CARE,NIFTY FMCG
25358,PG ELECTROPLAST LTD,NIFTY IT
25392,PANAMA PETROCHEM LTD,NIFTY COMMODITIES
25398,ARKADE DEVELOPERS LIMITED,NIFTY INFRA
25403,WESTERN CARRIERS (IND) L,NIFTY SERVICES SECTOR
25426,NORTHERN ARC CAPITAL LTD,NIFTY FIN SERVICE
25447,GROWWAMC - GROWWLIQID,NIFTY ETF
25468,PAISALO DIGITAL LIMITED,NIFTY FIN SERVICE
255,NIRAJ CEMENT STRUC LTD,NIFTY INFRA
25503,INDO US BIOTECH LTD,NIFTY PHARMA
25574,SHAKTI PUMPS (I) LTD,NIFTY AUTO
25584,TRIVENI TURBINE LIMITED,NIFTY ENERGY
25597,MANBA FINANCE LIMITED,NIFTY FIN SERVICE
2562,HUHTAMAKI INDIA LIMITED,NIFTY COMMODITIES
25626,U. Y. FINCORP LIMITED,NIFTY FIN SERVICE
25634,ESSAR SHIPPING LTD,NIFTY SERVICES SECTOR
25640,LIC MF - LIC GOLD ETF,NIFTY ETF
25643,KRN HEAT EXCHANGE N REF L,NIFTY AUTO
25684,JAIN DVR EQUITY SHARES,NIFTY FIN SERVICE
25690,DYNACONS SYS & SOLN LTD,NIFTY IT
25718,POLY MEDICURE LIMITED,NIFTY PHARMA
25724,RUPA & COMPANY LTD,NIFTY FMCG
25725,MIRAEAMC - BANKPSU,NIFTY ETF
25737,SHANKAR LAL RAMPAL LTD,NIFTY SERVICES SECTOR
25744,MIRAEAMC - METAL,NIFTY ETF
25756,VIKAS ECOTECH LIMITED,NIFTY COMMODITIES
25758,GROWWAMC - GROWWDEFNC,NIFTY ETF
25780,APL APOLLO TUBES LTD,NIFTY METAL
25800,GARUDA CONSTRUCT N ENG L,NIFTY INFRA
25807,LLOYDS ENTERPRISES LTD,NIFTY INFRA
25835,VINTAGE COFFEE N BVRGS L,NIFTY FMCG
25844,HYUNDAI MOTOR INDIA LTD,NIFTY AUTO
25851,ICICIPRAMC - VAL30IETF,NIFTY ETF
25855,AFFORD ROBO & AUTO LTD,NIFTY AUTO
25872,GROWWAMC - GROWWGOLD,NIFTY ETF
25892,DEEPAK BUILDERS & ENG I L,NIFTY INFRA
25897,MINDA CORPORATION LTD,NIFTY AUTO
25907,WAAREE ENERGIES LIMITED,NIFTY ENERGY
25918,OCCL LIMITED,NIFTY SERVICES SECTOR
2595,3P LAND HOLDINGS LIMITED,NIFTY INFRA
25977,AFCONS INFRASTRUCTURE LTD,NIFTY INFRA
2598,AMJ LAND HOLDINGS LIMITED,NIFTY INFRA
25984,ADITYA VISION LIMITED,NIFTY SERVICES SECTOR
25996,EDELAMC - EMULTIMQ,NIFTY ETF
2606,LEMON TREE HOTELS LTD,NIFTY SERVICES SECTOR
2610,PEARL POLYMERS LTD,NIFTY COMMODITIES
2616,SEAMEC LIMITED,NIFTY SERVICES SECTOR
2627,KOTAKMAMC - KOTAKIT,NIFTY ETF
263,ATUL LTD,NIFTY COMMODITIES
2636,NIP IND ETF DIV OPP,NIFTY ETF
2643,PFIZER LTD,NIFTY PHARMA
2645,DRC SYSTEMS INDIA LIMITED,NIFTY IT
2649,PCBL CHEMICAL LIMITED,NIFTY COMMODITIES
2664,PIDILITE INDUSTRIES LTD,NIFTY COMMODITIES
2687,POLYPLEX CORPORATION LTD,NIFTY COMMODITIES
270,CHEMCON SPECIAL CHEM LTD,NIFTY COMMODITIES
27008,HEXA TRADEX LIMITED,NIFTY FIN SERVICE
27020,A B INFRABUILD LIMITED,NIFTY INFRA
27037,TRIB BHIMJI ZAVERI LTD,Consumer Discretionary
2705,PRAJ INDUSTRIES LTD,NIFTY COMMODITIES
27052,SAGILITY INDIA LIMITED,NIFTY SERVICES SECTOR
27061,ACME SOLAR HOLDINGS LTD,NIFTY ENERGY
27066,SWIGGY LIMITED,NIFTY SERVICES SECTOR
27067,VARDHMAN SPC STEEL LTD,NIFTY METAL
27075,MIRAEAMC - LIQUIDPLUS,NIFTY ETF
27079,K.P. ENERGY LIMITED,NIFTY ENERGY
2708,PRAKASH INDUSTRIES LTD,NIFTY METAL
27084,KNOWLEDGE MARINE & EN W L,NIFTY SERVICES SECTOR
2709,MTAR TECHNOLOGIES LIMITED,NIFTY AUTO
27095,SWAN ENERGY LIMITED,NIFTY FMCG
27097,NIVA BUPA HEALTH INS CO L,NIFTY FIN SERVICE
27107,SPECIALITY REST LTD,NIFTY SERVICES SECTOR
2711,PRECOT LIMITED,NIFTY FMCG
27144,ZINKA LOGISTICS SOL LTD,NIFTY SERVICES SECTOR
2716,BTRFLY GANDHI APPL LTD,NIFTY FMCG
2717,PRECISION WIRES INDIA LTD,NIFTY METAL
27171,RACL GEARTECH LIMITED,NIFTY AUTO
27176,NTPC GREEN ENERGY LIMITED,NIFTY ENERGY
27213,ENVIRO INFRA ENGINEERS L,NIFTY INFRA
27297,RATTANINDIA ENT LIMITED,NIFTY FIN SERVICE
27303,SAMPANN UTPADAN INDIA LTD,NIFTY FMCG
2739,PRISM JOHNSON LIMITED,NIFTY INFRA
275,AUROBINDO PHARMA LTD,NIFTY PHARMA
277,GENERAL INS CORP OF INDIA,NIFTY FIN SERVICE
27754,INNOVANA THINKLABS LTD,NIFTY SERVICES SECTOR
278,AUTOMOTIVE AXLES LIMITED,NIFTY AUTO
2783,JUBILANT INGREVIA LIMITED,NIFTY COMMODITIES
27839,SAI LIFE SCIENCES LIMITED,NIFTY PHARMA
2792,EASY TRIP PLANNERS LTD,NIFTY SERVICES SECTOR
2794,RSWL LIMITED,NIFTY COMMODITIES
27969,VISHAL MEGA MART LIMITED,NIFTY SERVICES SECTOR
2799,CHEMFAB ALKALIS LIMITED,NIFTY COMMODITIES
28046,ONE MOBIKWIK SYSTEMS LTD,NIFTY IT
2809,RAJSHREE SUGAR & CHEMICAL,NIFTY FMCG
28125,INVENTURUS KNOWLEDGE SO L,NIFTY IT
2814,ARVEE LABORATORIES I LTD,NIFTY PHARMA
2816,RALLIS INDIA LTD,NIFTY COMMODITIES
2829,ANUPAM RASAYAN INDIA LTD,NIFTY COMMODITIES
28314,ANUH PHARMA LIMITED,NIFTY PHARMA
2837,RANA SUGARS LTD.,NIFTY FMCG
28378,INTERNATIO GEMM INS (I) L,NIFTY FIN SERVICE
2841,LAXMI ORGANIC INDUS LTD,NIFTY COMMODITIES
2844,RANE HOLDINGS LIMITED,NIFTY AUTO
2854,CRAFTSMAN AUTOMATION LTD,NIFTY AUTO
2866,RASHTRIYA CHEMICALS & FER,NIFTY COMMODITIES
28662,DAM CAPITAL ADVISORS LTD,NIFTY FIN SERVICE
2868,HI-TECH PIPES LIMITED,NIFTY METAL
28687,MAMATA MACHINERY LIMITED,NIFTY AUTO
28714,TRANSRAIL LIGHTING LTD,NIFTY AUTO
28764,CONCORD ENVIRO SYSTEMS L,NIFTY SERVICES SECTOR
28805,SANATHAN TEXTILES LIMITED,NIFTY FMCG
28847,VENTIVE HOSPITALITY LTD,NIFTY SERVICES SECTOR
2885,RELIANCE INDUSTRIES LTD,NIFTY ENERGY
28879,CARRARO INDIA LIMITED,NIFTY AUTO
28888,SENORES PHARMACEUTICALS L,NIFTY PHARMA
28899,KITEX GARMENTS LTD,NIFTY FMCG
28906,MAYUR UNIQUOTERS LTD,NIFTY FMCG
28952,DUCON INFRATECHNOLOGIES L,NIFTY INFRA
28960,UNIMECH AEROSPACE N MFG L,NIFTY AUTO
28969,MIRAEAMC - CONSUMER,NIFTY ETF
29008,TVS HOLDINGS LIMITED,NIFTY AUTO
29019,EDELAMC - ECAPINSURE,NIFTY ETF
29050,ZUARI AGRO CHEMICALS LTD,NIFTY COMMODITIES
29075,STANDARD GLASS LIN TECH L,NIFTY INFRA
29087,QUADRANT FUTURE TEK LTD,NIFTY IT
2909,RICO AUTO INDUSTRIES LTD,NIFTY AUTO
29098,DDEV PLASTIKS IND LTD,NIFTY COMMODITIES
29113,CARE RATINGS LIMITED,NIFTY FIN SERVICE
2912,RELIANCE INDUSTRIAL INFRA,NIFTY ENERGY
29124,PC JEWELLER LTD,Consumer Discretionary
29135,INDUS TOWERS LIMITED,NIFTY SERVICES SECTOR
29146,NAVKAR URBANSTRUCTURE LTD,NIFTY SERVICES SECTOR
29171,LAXMI DENTAL LIMITED,NIFTY SERVICES SECTOR
29224,ONESOURCE SPECL PHARMA L,NIFTY PHARMA
29251,ITC HOTELS LIMITED,NIFTY SERVICES SECTOR
29256,DENTA WATER N INFRA SOL L,NIFTY INFRA
29284,VMART RETAIL LTD,NIFTY SERVICES SECTOR
2939,THE RUBY MILLS LTD,NIFTY FMCG
29423,MOHIT INDUSTRIES LTD,NIFTY FMCG
29439,SUPREME HOLDIN N HOSP I L,NIFTY SERVICES SECTOR
29452,DR AGARWALS HEALTH CARE L,NIFTY SERVICES SECTOR
29459,MOSCHIP TECHNOLOGIES LTD,NIFTY IT
29464,DSPAMC - NEXT30ADD,NIFTY ETF
29472,PROTEAN EGOV TECHNO LTD,NIFTY IT
29482,MAGELLANIC CLOUD LIMITED,NIFTY IT
29487,NIBE LIMITED,NIFTY SERVICES SECTOR
29527,GROWWAMC - GROWWRAIL,NIFTY ETF
2955,KALYAN JEWELLERS IND LTD,Consumer Discretionary
29553,ICICI PRUD NIFTY ETF,NIFTY ETF
29577,NIP IND ETF NIFTY 100,NIFTY ETF
29583,NATURAL CAPSULES LIMITED,NIFTY PHARMA
29590,JUBILANT AGRI N CON PRO L,NIFTY COMMODITIES
29598,REPCO HOME FINANCE LTD,NIFTY FIN SERVICE
29624,AJAX ENGINEERING LIMITED,NIFTY INFRA
2963,STEEL AUTHORITY OF INDIA,NIFTY METAL
29666,HEXAWARE TECHNOLOGIES LTD,NIFTY IT
29678,INDEF MANUFACTURING LTD,NIFTY AUTO
29687,UNIONAMC - UNIONGOLD,NIFTY ETF
2969,SAKTHI SUGARS LTD,NIFTY FMCG
2970,SURYODAY SMALL FIN BK LTD,NIFTY BANK
29711,QUALITY POWER ELEC EQUP L,NIFTY ENERGY
2972,ORIENT ELECTRIC LIMITED,NIFTY FMCG
29731,GUJARAT THEMIS BIOSYN LTD,NIFTY PHARMA
29733,NRB INDUS. BEARINGS LTD.,NIFTY AUTO
29758,KOTAKMAMC - MSCIINDIA,NIFTY ETF
2987,NAZARA TECHNOLOGIES LTD,NIFTY MEDIA
29872,GROWWAMC - GROWWN200,NIFTY ETF
29877,VISAGAR POLYTEX LTD,NIFTY FMCG
2988,SANDESH LTD,NIFTY MEDIA
29944,KOTAKMAMC - NIFTY100EW,NIFTY ETF
29962,JUSTDIAL LTD.,NIFTY SERVICES SECTOR
2997,SANGHI INDUSTRIES LTD,NIFTY INFRA
29975,AONEAMC - AONETOTAL,NIFTY ETF
3001,ICICIPRAMC - ICICI500,NIFTY ETF
3002,WONDERLA HOLIDAYS LTD.,NIFTY SERVICES SECTOR
30023,ATAL AUTO LIMITED,NIFTY AUTO
30065,MOTILALAMC - MOCAPITAL,NIFTY ETF
30089,ORIENT CEMENT LTD.,NIFTY INFRA
3009,KOHINOOR FOODS LIMITED,NIFTY FMCG
30105,360ONEAMC - GOLD360,NIFTY ETF
30108,ADITYA BIRLA FASHION & RT,Consumer Discretionary
30109,MIRAEAMC - SELECTIPO,NIFTY ETF
30121,MIRAEAMC - EQUAL200,NIFTY ETF
30125,SAMMAAN CAPITAL LIMITED,NIFTY FIN SERVICE
30134,PRABHA ENERGY LIMITED,NIFTY ENERGY
30139,ICICIPRAMC - CASHIETF,NIFTY ETF
30155,AXISAMC - AXISVALUE,NIFTY ETF
3018,SAURASHTRA CEMENT LIMITED,NIFTY INFRA
3021,SAVITA OIL TECHNOLO. LTD,NIFTY ENERGY
3022,RELCAPAMC-NETFSDL26,NIFTY ETF
3024,JINDAL SAW LIMITED,NIFTY METAL
30244,BHARAT SEATS LIMITED,NIFTY AUTO
30249,ISHAN DYES N CHEMICALS L,NIFTY COMMODITIES
30274,ZERODHAAMC - SILVERCASE,NIFTY ETF
30290,SBIAMC - SBIBPB,NIFTY ETF
30323,INTEGRA ESSENTIA LIMITED,NIFTY FMCG
30392,ICICI PRUD NIFTY 100 ETF,NIFTY ETF
3045,STATE BANK OF INDIA,NIFTY BANK
30455,SPECTRUM ELECTRIC IND LTD,NIFTY AUTO
30469,KOTAKMAMC - MID150,NIFTY ETF
30472,AONEAMC - AONELIQUID,NIFTY ETF
3048,SHIPPING CORP OF INDIA LT,NIFTY SERVICES SECTOR
305,BAJAJ HOLDINGS & INVS LTD,NIFTY FIN SERVICE
3063,VEDANTA LIMITED,NIFTY METAL
3066,SESHASAYEE PAPER & BOARDS,NIFTY COMMODITIES
3078,SHANTHI GEARS LTD,NIFTY AUTO
308,BAJAJ HINDUSTHAN SUGAR LT,NIFTY FMCG
30835,PIL ITALICA LIFESTYLE LTD,Consumer Discretionary
3088,INDOSTAR CAPITAL FIN LTD,NIFTY FIN SERVICE
3099,SHREE DIGVIJAY CEM CO LTD,NIFTY INFRA
3103,SHREE CEMENT LIMITED,NIFTY INFRA
31107,DB (INT) STOCK BROKERS,NIFTY FIN SERVICE
31138,COMPUCOM SOFTWARE LTD,NIFTY IT
31163,RHI MAGNESITA INDIA LTD,NIFTY COMMODITIES
31181,MULTI COMMODITY EXCHANGE,NIFTY FIN SERVICE
312,TUBE INVEST OF INDIA LTD,NIFTY AUTO
31234,SCHNEIDER ELECTRIC INFRA,NIFTY ENERGY
31258,NANDAN DENIM LIMITED,NIFTY COMMODITIES
3126,SHREYANS INDUSTRIES LTD,NIFTY COMMODITIES
3127,BARBEQUE NATION HOSP. LTD,NIFTY SERVICES SECTOR
3129,TRANSWORLD SHIP LINES LTD,NIFTY SERVICES SECTOR
3138,HONDA I POWER PRODUCT LTD,NIFTY AUTO
31415,NBCC (INDIA) LIMITED,NIFTY INFRA
31468,LYPSA GEMS & JEWEL LTD,NIFTY SERVICES SECTOR
31475,ORBIT EXPORTS LIMITED,NIFTY FMCG
3149,BOROSIL RENEWABLES LTD,NIFTY COMMODITIES
3150,SIEMENS LTD,NIFTY INFRA
31507,JIND POL INV & FIN CO LTD,NIFTY FIN SERVICE
3162,SIMPLEX INFRASTRUCTURES L,NIFTY INFRA
317,BAJAJ FINANCE LIMITED,NIFTY FIN SERVICE
3172,RELCAPAMC - NETFGILT5Y,NIFTY ETF
31837,SREELEATHERS LIMITED,NIFTY FMCG
3186,SKF INDIA LTD,NIFTY AUTO
3220,MACROTECH DEVELOPERS LTD,NIFTY INFRA
3237,JTEKT INDIA LIMITED,NIFTY AUTO
324,ANGEL ONE LIMITED,NIFTY FIN SERVICE
3252,SPIC LTD,NIFTY COMMODITIES
3273,SRF LTD,NIFTY COMMODITIES
3291,STAR PAPER MILLS LTD,NIFTY COMMODITIES
3292,DEEP INDUSTRIES LIMITED,NIFTY ENERGY
330,VALIANT ORGANICS LIMITED,NIFTY COMMODITIES
3316,MODISON LIMITED,NIFTY AUTO
3321,SPML INFRA LIMITED,NIFTY INFRA
3324,SUBROS LIMITED,NIFTY AUTO
3327,SUDARSHAN CHEMICAL INDS L,NIFTY COMMODITIES
3329,ISGEC HEAVY ENG LTD,NIFTY INFRA
3339,SUNDARAM FINANCE LTD,NIFTY FIN SERVICE
3345,SUNDRAM FASTENERS LTD,NIFTY AUTO
3348,SUNFLAG IRON AND STEEL CO,NIFTY METAL
335,BALKRISHNA IND. LTD,NIFTY AUTO
3351,SUN PHARMACEUTICAL IND L,NIFTY PHARMA
3357,SUPER SPINNING MILLS LTD,NIFTY FMCG
3363,SUPREME INDUSTRIES LTD,NIFTY COMMODITIES
3375,SURYA ROSHNI LTD,NIFTY METAL
338,BALMER LAWRIE & CO LTD,NIFTY SERVICES SECTOR
3384,SWARAJ ENGINES LTD,NIFTY AUTO
3387,SML ISUZU LIMITED,NIFTY AUTO
3389,AGARWAL INDS CORP LTD.,NIFTY FMCG
3396,TAINWALA CHEMICAL AND PLA,NIFTY COMMODITIES
34,ADOR WELDING LTD,NIFTY AUTO
3403,AJOONI BIOTECH LIMITED,NIFTY COMMODITIES
3405,TATA CHEMICALS LTD,NIFTY COMMODITIES
341,BALRAMPUR CHINI MILLS LTD,NIFTY FMCG
3411,TATA ELXSI LIMITED,NIFTY IT
3417,HONEYWELL AUTOMATION IND,NIFTY AUTO
342,COMPUTER AGE MNGT SER LTD,NIFTY IT
3426,TATA POWER CO LTD,NIFTY ENERGY
3432,TATA CONSUMER PRODUCT LTD,NIFTY FMCG
3435,BLACK BOX LIMITED,NIFTY IT
3456,TATA MOTORS LIMITED,NIFTY AUTO
3466,TOURISM FINANCE CORP. OF,NIFTY FIN SERVICE
347,BANARAS BEADS LTD,NIFTY SERVICES SECTOR
3475,THERMAX LTD,NIFTY INFRA
3481,THOMAS COOK (INDIA) LTD,NIFTY SERVICES SECTOR
3482,CHAMAN LAL SETIA EXP LTD,NIFTY FMCG
3484,TIL LTD,NIFTY SERVICES SECTOR
3496,THIRUMALAI CHEMICALS LTD,NIFTY COMMODITIES
3499,TATA STEEL LIMITED,NIFTY METAL
350,BANNARI AMMAN SUGARS LTD,NIFTY FMCG
3506,TITAN COMPANY LIMITED,NIFTY SERVICES SECTOR
3507,MIRAEAMC - MAFANG,NIFTY ETF
3509,TAMILNADU PETROPRODUCTS L,NIFTY ENERGY
3512,TAMILNADU TELECOMMUNICATI,NIFTY SERVICES SECTOR
3518,TORRENT PHARMACEUTICALS L,NIFTY PHARMA
3530,AXISAMC - AXISBPSETF,NIFTY ETF
3546,TTK PRESTIGE LTD,NIFTY FMCG
3563,ADANI GREEN ENERGY LTD,NIFTY ENERGY
357,NIPPON L I A M LTD,NIFTY FIN SERVICE
3570,UCAL LIMITED,NIFTY AUTO
3579,UNICHEM LABORATORIES LTD,NIFTY PHARMA
3586,MOKSH ORNAMENTS LIMITED,NIFTY SERVICES SECTOR
359,RAJ OIL MILLS LIMITED,NIFTY FMCG
3607,UNIVERSAL CABLES LTD,NIFTY AUTO
3608,AXISAMC - AXISHCETF,NIFTY ETF
3626,ICICIPRAMC - ICICIPHARM,NIFTY ETF
3637,JUBILANT PHARMOVA LTD,NIFTY PHARMA
3646,VARDHMAN POLYTEX LTD.,NIFTY FMCG
3672,SOLARA ACTIVE PHA SCI LTD,NIFTY PHARMA
3676,VESUVIUS INDIA LTD,NIFTY COMMODITIES
368,BASF INDIA LTD,NIFTY COMMODITIES
3694,VINDHYA TELELINKS LTD,NIFTY AUTO
3703,VIP INDUSTRIES LTD,NIFTY FMCG
371,BATA INDIA LTD,NIFTY FMCG
3715,VLS FINANCE LTD,NIFTY FIN SERVICE
3718,VOLTAS LTD,NIFTY SERVICES SECTOR
3721,TATA COMMUNICATIONS LTD,NIFTY IT
3724,VST INDUSTRIES LTD,NIFTY FMCG
3727,ANMOL INDIA LIMITED,NIFTY COMMODITIES
3736,WALCHANDNAGAR INDUSTRIES,NIFTY INFRA
3744,FINE ORGANIC IND. LTD.,NIFTY COMMODITIES
3748,WEIZMANN LTD,NIFTY FMCG
3757,VENKY S (INDIA) LIMITED,NIFTY FMCG
3761,RITES LIMITED,NIFTY SERVICES SECTOR
3766,WHEELS INDIA LTD,NIFTY AUTO
3772,WILLIAMSON MAGOR,NIFTY FMCG
3776,INOX WIND ENERGY LIMITED,NIFTY ENERGY
3787,WIPRO LTD,NIFTY IT
3799,WEST COAST PAPER MILLS LT,NIFTY COMMODITIES
380,BOMBAY BURMAH TRADING COR,NIFTY FMCG
381,SINTERCOM INDIA LIMITED,NIFTY AUTO
3812,ZEE ENTERTAINMENT ENT LTD,NIFTY MEDIA
3813,ARIHANT CAPITAL MKTS LTD,NIFTY FIN SERVICE
3821,ZODIAC CLOTHING CO. LTD.,NIFTY FMCG
3827,ZUARI INDUSTRIES LIMITED,NIFTY COMMODITIES
383,BHARAT ELECTRONICS LTD,NIFTY AUTO
3834,BHARAT RASAYAN LTD,NIFTY COMMODITIES
3837,TOKYO PLAST INTL LTD,NIFTY COMMODITIES
385,MAHINDRA LOGISTIC LIMITED,NIFTY SERVICES SECTOR
3857,VARROC ENGINEERING LTD.,NIFTY AUTO
3880,SOMANY CERAMICS LIMITED,NIFTY INFRA
3892,HATSUN AGRO PRODUCT LTD.,NIFTY FMCG
3906,CAPLIN POINT LAB LTD.,NIFTY PHARMA
3908,PREMIER POLYFILM LTD,NIFTY COMMODITIES
3912,KHAITAN (INDIA)LTD.,NIFTY FMCG
3918,NATCO PHARMA LTD.,NIFTY PHARMA
395,BEML LIMITED,NIFTY INFRA
3963,GOCL CORPORATION LIMITED,NIFTY COMMODITIES
3965,REMSONS INDUSTRIES LTD,NIFTY AUTO
3972,PARAS PETROFILS LTD.,NIFTY COMMODITIES
3980,TAMILNADU NEWSPRT & PAPER,NIFTY COMMODITIES
3987,GREENPLY INDUSTRIES LTD,NIFTY COMMODITIES
399,THE NEW INDIA ASSU CO LTD,NIFTY FIN SERVICE
4,21ST CENTURY MGMT SERVICE,NIFTY SERVICES SECTOR
40,AEGIS LOGISTICS LIMITED,NIFTY ENERGY
4007,CORAL INDIA FIN & HOUS LT,NIFTY FIN SERVICE
4010,PVP VENTURES LIMITED,NIFTY FIN SERVICE
4014,NAVA LIMITED,NIFTY METAL
4037,AUSOM ENTERPRISE LIMITED,NIFTY FIN SERVICE
404,BERGER PAINTS (I) LTD,NIFTY COMMODITIES
4040,EIMCO ELECON (INDIA) LTD,NIFTY INFRA
4041,JAYANT AGRO ORGANICS LTD,NIFTY COMMODITIES
4055,PANACEA BIOTEC LTD,NIFTY PHARMA
4064,CUBEX TUBINGS LTD,NIFTY AUTO
4067,MARCO LIMITED,NIFTY FMCG
4105,SIL INVESTMENTS LIMITED,NIFTY FIN SERVICE
4116,HB STOCKHOLDINGS LIMITED,NIFTY FIN SERVICE
4130,REGENCY CERAMICS LTD.,NIFTY INFRA
4136,BIOFIL CHEM & PHARMA LTD,NIFTY PHARMA
4179,SUNDARAM BRAK LININGS LTD,NIFTY AUTO
4184,SANGAM (INDIA) LTD,NIFTY COMMODITIES
419,BHANSALI ENG. POLYMERS LT,NIFTY COMMODITIES
4201,SOMA TEXTILES & INDUST LT,NIFTY COMMODITIES
4204,SAMVRDHNA MTHRSN INTL LTD,NIFTY SERVICES SECTOR
422,BHARAT FORGE LTD,NIFTY AUTO
4221,VISAKA INDUSTRIES LIMITED,NIFTY INFRA
4235,WENDT (INDIA) LIMITED,NIFTY AUTO
4244,HDFC AMC LIMITED,NIFTY FIN SERVICE
425,KHADIM INDIA LIMITED,NIFTY SERVICES SECTOR
426,BHARAT GEARS LTD.,NIFTY AUTO
4279,DE NORA INDIA LIMITED,NIFTY AUTO
4299,STERLING TOOLS LIMITED,NIFTY AUTO
4306,SHRIRAM FINANCE LIMITED,NIFTY FIN SERVICE
4344,PUNJAB CHEM & CROP PROT L,NIFTY COMMODITIES
436,IFGL REFRACTORIES LIMITED,NIFTY COMMODITIES
4378,ICICI PRUD SENSEX ETF,NIFTY ETF
438,BHEL,NIFTY ENERGY
4391,GULF OIL LUB. IND. LTD.,NIFTY ENERGY
4394,MIRZA INTERNATIONAL LIMIT,NIFTY FMCG
4410,JAGSONPAL PHARMACEUTICALS,NIFTY PHARMA
4421,CREDITACCESS GRAMEEN LTD,NIFTY FIN SERVICE
4422,INDIAN CARD CLOTHING CO.,NIFTY COMMODITIES
445,5PAISA CAPITAL LIMITED,NIFTY FIN SERVICE
4481,AARTI DRUGS LTD.,NIFTY PHARMA
4487,ALKYL AMINES CHEM. LTD,NIFTY COMMODITIES
4491,JOHNSON CONTROLS HITACHI,NIFTY INFRA
4503,MPHASIS LIMITED,NIFTY IT
4522,SIGNET INDUSTRIES LIMITED,NIFTY COMMODITIES
4525,DYNAMATIC TECHNOLOGIES,NIFTY AUTO
4529,ICICIPRAMC - ICICINXT50,NIFTY ETF
4566,RUCHI INFRASTRUCTURE LTD,NIFTY INFRA
4587,RAMCO INDUSTRIES LIMITED,NIFTY COMMODITIES
4594,KOTHARI PETROCHEM LTD,NIFTY COMMODITIES
4598,HERITAGE FOODS LTD,NIFTY FMCG
4656,SHIVALIK BIMETAL CON. LTD,NIFTY AUTO
4668,BANK OF BARODA,NIFTY BANK
467,HDFC LIFE INS CO LTD,NIFTY FIN SERVICE
4684,SONA BLW PRECISION FRGS L,NIFTY AUTO
4693,SHYAM METALICS AND ENGY L,NIFTY METAL
471,OSWAL GREENTECH LIMITED,NIFTY SERVICES SECTOR
4717,GAIL (INDIA) LTD,NIFTY ENERGY
4732,SKM EGG PROD EXPORT(I) LT,NIFTY FMCG
474,3M INDIA LIMITED,NIFTY COMMODITIES
4745,BANK OF INDIA,NIFTY BANK
4747,INDIA NIPPON ELECT  LTD,NIFTY AUTO
4749,CONTAINER CORP OF IND LTD,NIFTY SERVICES SECTOR
4751,INDRAPRASTHA MEDICAL CORP,NIFTY SERVICES SECTOR
477,BIRLA CABLE LIMITED,NIFTY AUTO
4771,TCI FINANCE LTD,NIFTY FIN SERVICE
4775,DCM FINANCIAL SERVICES LT,NIFTY FIN SERVICE
48,HAPPIEST MINDS TECHNO LTD,NIFTY IT
480,BIRLA CORPORATION LTD,NIFTY INFRA
4809,KCP SUGAR IND CORP LTD.,NIFTY FMCG
4822,DODLA DAIRY LIMITED,NIFTY FMCG
4838,ICICIPRAMC - ICICILIQ,NIFTY ETF
4843,SNOWMAN LOGISTICS LTD.,NIFTY SERVICES SECTOR
4847,KRISHNA INST OF MED SCI L,NIFTY SERVICES SECTOR
4870,IND SWIFT LABORATORIES LT,NIFTY PHARMA
489,ICE MAKE REFRIGERAT LTD,NIFTY AUTO
4892,SAREGAMA INDIA LIMITED,NIFTY MEDIA
4898,FDC LIMITED,NIFTY PHARMA
4907,ENGINEERS INDIA LTD,NIFTY INFRA
4911,MADRAS FERTILISERS LTD,NIFTY COMMODITIES
4920,HINDCON CHEMICALS LIMITED,NIFTY COMMODITIES
4934,INDIA PESTICIDES LIMITED,NIFTY COMMODITIES
495,BLUE DART EXPRESS LTD,NIFTY SERVICES SECTOR
4953,ADROIT INFOTECH LIMITED,NIFTY IT
4957,GANGA FORGING LIMITED,NIFTY AUTO
4963,ICICI BANK LTD.,NIFTY BANK
4973,NIPPONAMC - NETFPHARMA,NIFTY ETF
4986,IRCON INTERNATIONAL LTD,NIFTY INFRA
4992,SHARDA CROPCHEM LTD.,NIFTY COMMODITIES
5049,CLEAN SCIENCE & TECH LTD,NIFTY COMMODITIES
5054,G R INFRAPROJECTS LIMITED,NIFTY INFRA
509,MAZAGON DOCK SHIPBUIL LTD,NIFTY INFRA
5097,ETERNAL LIMITED,NIFTY SERVICES SECTOR
5108,KPI GREEN ENERGY LIMITED,NIFTY ENERGY
5114,SYNERGY GREEN IND. LTD,NIFTY COMMODITIES
513,BOMBAY DYEING & MFG. CO L,NIFTY FMCG
5142,CIGNITI TECHNOLOGIES LTD,NIFTY IT
5143,JAI CORP LIMITED,NIFTY FIN SERVICE
5162,TATVA CHIN PHARM CHEM LTD,NIFTY PHARMA
5168,SBIAMC - SBIETFCON,NIFTY ETF
5186,STYLAM INDUSTRIES LIMITED,NIFTY INFRA
5194,ANTARCTICA LTD,NIFTY FMCG
5204,GUJARAT MINERAL DEV CORP,NIFTY METAL
522,ICICIPRAMC - BHARATIWIN,NIFTY ETF
5220,MIRAEAMC - MAFSETF,NIFTY ETF
5239,MAHA RASHTRA APEX COPR. L,NIFTY FIN SERVICE
5245,AAREY DRUGS & PHARM LTD,NIFTY PHARMA
5258,INDUSIND BANK LIMITED,NIFTY BANK
526,BHARAT PETROLEUM CORP  LT,NIFTY ENERGY
5264,PDS LIMITED,NIFTY FMCG
5265,ALIVUS LIFE SCIENCES LTD,NIFTY PHARMA
527,UTI ASSET MNGMT CO LTD,NIFTY FIN SERVICE
5279,ROLEX RINGS LIMITED,NIFTY AUTO
5292,PRITIKA AUTO INDUS LTD,NIFTY AUTO
530,BPL LTD,NIFTY IT
5306,ICICIPRAMC - ICICIFMCG,NIFTY ETF
5313,UGRO CAPITAL LIMITED,NIFTY FIN SERVICE
5352,EXXARO TILES LIMITED,NIFTY INFRA
5359,KRSNAA DIAGNOSTICS LTD,NIFTY SERVICES SECTOR
5366,WINDLAS BIOTECH LIMITED,NIFTY PHARMA
5373,DEVYANI INTERNATIONAL LTD,NIFTY SERVICES SECTOR
5378,ASAHI INDIA GLASS LIMITED,NIFTY COMMODITIES
5382,EPIGRAL LIMITED,NIFTY COMMODITIES
5385,AAVAS FINANCIERS LIMITED,NIFTY FIN SERVICE
5394,MEGHMANI ORGANICS LIMITED,NIFTY COMMODITIES
5401,NAKODA GROUP OF IND. LTD,NIFTY SERVICES SECTOR
5407,CARTRADE TECH LIMITED,NIFTY SERVICES SECTOR
5426,NUVOCO VISTAS CORP LTD,NIFTY INFRA
5428,TRIGYN TECHNOLOGIES LTD,NIFTY IT
5435,APTUS VALUE HSG FIN I LTD,NIFTY FIN SERVICE
5449,CHEMPLAST SANMAR LIMITED,NIFTY COMMODITIES
547,BRITANNIA INDUSTRIES LTD,NIFTY FMCG
5475,GARDEN REACH SHIP&ENG LTD,NIFTY INFRA
5501,YUKEN INDIA LIMITED,NIFTY AUTO
5507,SERVOTECH REN POW SYS LTD,NIFTY ENERGY
5516,NANDANI CREATION LIMITED,NIFTY FMCG
5528,KOTHARI PRODUCTS LTD,Consumer Durables
553,RELIANCE INFRASTRUCTU LTD,NIFTY INFRA
5549,ABM INTERNATIONAL LTD,NIFTY SERVICES SECTOR
5578,AMI ORGANICS LIMITED,NIFTY COMMODITIES
5585,VIJAYA DIAGNOSTIC CEN LTD,NIFTY SERVICES SECTOR
5606,INTL CONVEYORS LIMITED,NIFTY SERVICES SECTOR
5610,ASTRAZENECA PHARMA IND LT,NIFTY PHARMA
5614,GANESH BENZOPLAST LIMITED,NIFTY AUTO
5622,ITD CEMENTATION INDIA LTD,NIFTY INFRA
5633,J & K BANK LTD.,NIFTY BANK
5650,SHANTI OVERSEAS INDIA LTD,NIFTY SERVICES SECTOR
5688,ARCHIES LTD,NIFTY FMCG
5701,CITY UNION BANK LTD,NIFTY BANK
5732,AXISAMC - AXISCETF,NIFTY ETF
5748,CYIENT LIMITED,NIFTY IT
5751,SANSERA ENGINEERING LTD,NIFTY AUTO
578,LIKHITHA INFRASTRUC LTD,NIFTY INFRA
5782,MIRAEAMC - MASPTOP50,NIFTY ETF
583,CAN FIN HOMES LTD,NIFTY FIN SERVICE
5851,KOTAKMAMC-KOTAKBKETF,NIFTY ETF
5865,LAGNAM SPINTEX LIMITED,NIFTY FMCG
5900,AXIS BANK LIMITED,NIFTY BANK
5911,PARAS DEF AND SPCE TECH L,NIFTY AUTO
592,GRAPHITE INDIA LTD,NIFTY METAL
5926,INTELLECT DESIGN ARENA,NIFTY IT
5938,MONTE CARLO FASHIONS LTD.,NIFTY FMCG
5948,THE SOUTH INDIAN BANK LTD,NIFTY BANK
595,CARBORUNDUM UNIVERSAL LTD,NIFTY COMMODITIES
5957,BIRLASLAMC - BSLSENETFG,NIFTY ETF
6006,COASTAL CORPORATION LTD,NIFTY SERVICES SECTOR
6018,ADIT BIRL SUN LIF AMC LTD,NIFTY FIN SERVICE
6040,EURO (I) FRESH FOODS LTD,NIFTY FMCG
6062,LICNAMC - LICNMFET,NIFTY ETF
6066,ADANI TOTAL GAS LIMITED,NIFTY ENERGY
6068,AIRO LAM LIMITED,NIFTY AUTO
6125,GOODLUCK INDIA LIMITED,NIFTY METAL
6156,ART NIRMAN LIMITED,NIFTY INFRA
6164,BHAGIRADHA CHEM & INDS L,NIFTY COMMODITIES
619,CENTURY ENKA LTD,NIFTY FMCG
6198,FINEOTEX CHEMICAL LIMITED,NIFTY COMMODITIES
6216,CAMLIN FINE SCIENCES LTD,NIFTY COMMODITIES
6218,SIKKO INDUSTRIES LIMITED,NIFTY AUTO
6227,DHUNSERI TEA & IND. LTD.,NIFTY FMCG
6232,3I INFOTECH LIMITED,NIFTY IT
625,ADITYA BIRLA REAL EST LTD,NIFTY INFRA
6278,MEDICAMEN BIOTECH LIMITED,NIFTY PHARMA
628,CESC LTD,NIFTY ENERGY
6286,GULSHAN POLYOLS LIMITED,NIFTY FMCG
6297,BIRLASLAMC - HEALTHY,NIFTY ETF
6302,APOLLO SINDOORI HOTEL LTD,NIFTY SERVICES SECTOR
634,IGARASHI MOTORS INDIA LTD,NIFTY AUTO
6353,MIRAEAMC - MAN50ETF,NIFTY ETF
6364,NATIONAL ALUMINIUM CO LTD,NIFTY METAL
637,CHAMBAL FERTILIZERS LTD,NIFTY COMMODITIES
6385,COUNTRY CLUB HOSP HOL LTD,NIFTY SERVICES SECTOR
6407,LAMBODHARA TEXTILES LTD.,NIFTY FMCG
641,DILIGENT MEDIA CORP LTD.,NIFTY MEDIA
6417,KRITI INDUSTRIES IND LTD,NIFTY FMCG
6422,MANGALAM ORGANICS LIMITED,NIFTY COMMODITIES
6445,TECHNO ELEC & ENG CO. LTD,NIFTY ENERGY
6446,ICICIPRAMC - ICICICONSU,NIFTY ETF
6462,BIRLASLAMC - TECH,NIFTY ETF
6543,GRP LIMITED,NIFTY FIN SERVICE
6545,FSN E COMMERCE VENTURES,NIFTY SERVICES SECTOR
6568,LAXMI COTSPIN LIMITED,NIFTY COMMODITIES
6579,FINO PAYMENTS BANK LTD,NIFTY BANK
6596,SONATA SOFTWARE LTD,NIFTY IT
6600,GENUS P&B LIMITED,NIFTY INFRA
6606,DSPAMC - DSPNEWETF,NIFTY ETF
6643,SJS ENTERPRISES LIMITED,NIFTY AUTO
6656,PB FINTECH LIMITED,NIFTY FIN SERVICE
6663,SIGACHI INDUSTRIES LTD,NIFTY PHARMA
6673,FOODS & INNS LIMITED,NIFTY SERVICES SECTOR
6705,ONE 97 COMMUNICATIONS LTD,NIFTY IT
6711,IL&FS INVESTMENT MANAGERS,NIFTY FIN SERVICE
6713,MOLD-TEK PACKAGING LTD,NIFTY COMMODITIES
6718,SAPPHIRE FOODS INDIA LTD,NIFTY SERVICES SECTOR
6733,JINDAL STEEL & POWER LTD,NIFTY METAL
676,EXIDE INDUSTRIES LTD,NIFTY AUTO
6782,INDO-NATIONAL LIMITED,NIFTY FMCG
6792,SBC EXPORTS LIMITED,NIFTY FMCG
6803,STEELCAST LIMITED,NIFTY AUTO
6818,LATENT VIEW ANALYTICS LTD,NIFTY IT
6836,FOCUS LIGHTG & FIXTRS LTD,NIFTY SERVICES SECTOR
6843,SARTHAK METALS LIMITED,NIFTY METAL
6848,GREENLAM INDUSTRIES LTD.,NIFTY COMMODITIES
685,CHOLAMANDALAM IN & FIN CO,NIFTY FIN SERVICE
6863,BAJAJ HEALTHCARE LIMITED,NIFTY PHARMA
6908,VISHNU CHEMICALS LIMITED,NIFTY COMMODITIES
6913,RAJSHREE POLYPACK LTD,NIFTY COMMODITIES
694,CIPLA LTD,NIFTY PHARMA
6943,TARSONS PRODUCTS LIMITED,NIFTY SERVICES SECTOR
6944,GANESHA ECOSPHERE LIMITED,NIFTY COMMODITIES
6951,LINC LIMITED,NIFTY IT
6961,MENON BEARINGS LIMITED,NIFTY AUTO
6964,GO FASHION INDIA LTD,NIFTY FMCG
6973,DMCC SPECIALITY CHEMICALS,NIFTY COMMODITIES
6977,ICDS LTD,NIFTY SERVICES SECTOR
6994,BIRLASOFT LIMITED,NIFTY IT
7,AARTI INDUSTRIES LTD,NIFTY COMMODITIES
701,HEMISPHERE PROP IND LTD,NIFTY INFRA
7016,SHIVALIK RASAYAN LIMITED,NIFTY COMMODITIES
703,DIC INDIA LIMITED,NIFTY COMMODITIES
7030,ASIAN ENERGY SERVICES LTD,NIFTY ENERGY
7048,HESTER BIOSCIENCES LTD,NIFTY PHARMA
7053,ACCELYA SOLN INDIA LTD,NIFTY IT
7074,MIRAEAMC - MAHKTECH,NIFTY ETF
708,SHRADHA INFRAPROJECTS LTD,NIFTY INFRA
7083,STAR HEALTH & AL INS CO L,NIFTY FIN SERVICE
7091,SEJAL GLASS LIMITED,NIFTY INFRA
7105,TEGA INDUSTRIES LIMITED,NIFTY SERVICES SECTOR
7109,JULLUNDUR MOT AGENCY LTD,NIFTY AUTO
7129,ZODIAC ENERGY LIMITED,NIFTY ENERGY
714,SHALBY LIMITED,NIFTY PHARMA
7145,ANAND RATHI WEALTH LTD,NIFTY FIN SERVICE
715,HEUBACH COLORANTS IND LTD,NIFTY COMMODITIES
7169,MIC ELECTRONICS LTD,NIFTY IT
7177,RATEGAIN TRAVEL TECHN LTD,NIFTY IT
7196,EDELAMC - BBETF0432,NIFTY ETF
7200,SHRIRAM PROPERTIES LTD,NIFTY INFRA
7211,JET FREIGHT LOGISTICS LTD,NIFTY SERVICES SECTOR
7218,SBIAMC - SBIETFQLTY,NIFTY ETF
722,SBIAMC - SBIETFPB,NIFTY ETF
7227,C.E. INFO SYSTEMS LIMITED,NIFTY IT
7229,HCL TECHNOLOGIES LTD,NIFTY IT
7242,METRO BRANDS LIMITED,NIFTY SERVICES SECTOR
7254,MEDPLUS HEALTH SERV LTD,NIFTY SERVICES SECTOR
7276,UDAIPUR CEMENT WORKS LTD,NIFTY INFRA
7287,JTL INDUSTRIES LIMITED,NIFTY COMMODITIES
7325,DCM SHRIRAM IND LTD,NIFTY COMMODITIES
7339,BIRLASLAMC - ABSLNN50ET,NIFTY ETF
7353,SBI-ETF NIFTY NEXT 50,NIFTY ETF
7358,DATA PATTERNS INDIA LTD,NIFTY IT
7361,SBI-ETF NIFTY BANK,NIFTY ETF
7374,STRIDES PHARMA SCI LTD,NIFTY PHARMA
7376,HP ADHESIVES LIMITED,NIFTY COMMODITIES
739,COROMANDEL INTERNTL. LTD,NIFTY COMMODITIES
7390,SUPRIYA LIFESCIENCE LTD,NIFTY PHARMA
740,SBIAMC - SBIETFIT,NIFTY ETF
7401,RAJESH EXPORTS LTD,NIFTY SERVICES SECTOR
7406,GLENMARK PHARMACEUTICALS,NIFTY PHARMA
7412,KOTAKMAMC - KOTAKALPHA,NIFTY ETF
742,COSMO FIRST LIMITED,NIFTY COMMODITIES
7420,MANAK ALUMINIUM CO. LTD.,NIFTY METAL
7422,MOTILALAMC - MONQ50,NIFTY ETF
7425,HEC INFRA PROJECTS LTD,NIFTY INFRA
7451,DSPAMC - DSPN50ETF,NIFTY ETF
7456,DSPAMC - DSPQ50ETF,NIFTY ETF
7457,SRI HAVISHA HOSP & INFR L,NIFTY SERVICES SECTOR
7506,WOCKHARDT LIMITED,NIFTY PHARMA
7508,ZEN TECHNOLOGIES LIMITED,NIFTY IT
7518,TREJHARA SOLUTIONS LTD,NIFTY SERVICES SECTOR
7553,NRB BEARING LIMITED,NIFTY AUTO
755881,ICICIPRAMC - EVIETF,NIFTY ETF
7560,UNITED POLYFAB GUJ. LTD.,NIFTY COMMODITIES
756015,CAPITAL INDIA FINANCE LTD,NIFTY FIN SERVICE
756020,TINNA RUBBER AND INFR LTD,NIFTY AUTO
756038,WAAREE RENEWABLE TECH LTD,NIFTY ENERGY
756086,GROWWAMC - GROWWMOM50,NIFTY ETF
756150,360ONEAMC - SILVER360,NIFTY ETF
756324,NETWORK PEOPLE SRV TECH L,NIFTY IT
756900,MOTILALAMC - MON50EQUAL,NIFTY ETF
756925,PRIMO CHEMICALS LIMITED,NIFTY COMMODITIES
757,CRISIL LTD,NIFTY FIN SERVICE
757142,MIRAEAMC - EQUAL50,NIFTY ETF
757167,MOTILALAMC - MONEXT50,NIFTY ETF
757645,ATHER ENERGY LIMITED,NIFTY AUTO
760,CG POWER AND IND SOL LTD,NIFTY AUTO
7603,CMS INFO SYSTEMS LIMITED,NIFTY SERVICES SECTOR
7627,SHREE RAMA MULTI TECH LTD,NIFTY FMCG
7672,IMAGICAAWORLD ENT LTD,NIFTY MEDIA
7679,MONARCH NETWORTH CAP LTD,NIFTY FIN SERVICE
772,DABUR INDIA LTD,NIFTY FMCG
778,DSJ KEEP LEARNING LTD,NIFTY SERVICES SECTOR
7780,BRAND CONCEPTS LIMITED,NIFTY FMCG
781,DALMIA BHARAT SUG IN LTD,NIFTY FMCG
7835,WONDER ELECTRICALS LTD,NIFTY FMCG
7838,TATAAML - NETF,NIFTY ETF
7844,ICICIPRAMC - ICICIAUTO,NIFTY ETF
7851,RAMCO SYSTEMS LTD.,NIFTY IT
7852,INOX WIND LIMITED,NIFTY ENERGY
7862,GE POWER INDIA LIMITED,NIFTY ENERGY
7880,NIPPONAMC - NETFAUTO,NIFTY ETF
7886,MAHALAXMI RUBTECH LIMITED,NIFTY FMCG
79,ALEMBIC LIMITED,NIFTY PHARMA
7902,LAKSHMI FIN IND CORP LTD,NIFTY FIN SERVICE
7919,THE BYKE HOSPITALITY LTD,NIFTY SERVICES SECTOR
7929,ZYDUS LIFESCIENCES LTD,NIFTY PHARMA
7936,AVANTI FEEDS LIMITED,NIFTY FMCG
7942,ICICIPRAMC - ICICISILVE,NIFTY ETF
7965,MALLCOM (INDIA) LIMITED,NIFTY SERVICES SECTOR
7979,MIRAEAMC - MAMFGETF,NIFTY ETF
7982,GARWARE HI-TECH FILMS LTD,NIFTY COMMODITIES
8003,BIRLASLAMC - SILVER,NIFTY ETF
8024,CINEVISTA LIMITED,NIFTY MEDIA
804,SHIVA TEXYARN LIMITED,NIFTY FMCG
805,DCM LTD,NIFTY COMMODITIES
8050,MAHINDRA LIFESPACE DEVLTD,NIFTY INFRA
8054,KARNATAKA BANK LIMITED,NIFTY BANK
8075,DALMIA BHARAT LIMITED,NIFTY INFRA
8077,KOTAKMAMC - KOTAKMID50,NIFTY ETF
8080,NIPPONAMC - NETFSILVER,NIFTY ETF
8083,CROWN LIFTERS LIMITED,NIFTY SERVICES SECTOR
809,BOMBAY SUPER HYBRID SEEDS,NIFTY COMMODITIES
811,DCM SHRIRAM LIMITED,NIFTY COMMODITIES
8110,AWL AGRI BUSINESS LIMITED,NIFTY FMCG
8119,RPSG VENTURES LIMITED,NIFTY FIN SERVICE
8124,AJANTA PHARMA LIMITED,NIFTY PHARMA
8132,BLB LIMITED,NIFTY AUTO
8146,DEV INFO TECHNOLOGY LTD,NIFTY IT
8153,MEGASTAR FOODS LIMITED,NIFTY FMCG
8159,FIBERWEB INDIA LIMITED,NIFTY COMMODITIES
8163,SPENCER S RETAIL LIMITED,NIFTY SERVICES SECTOR
8167,VEDANT FASHIONS LIMITED,Consumer Discretionary
817,DCW LTD,NIFTY COMMODITIES
8175,SAGARDEEP ALLOYS LIMITED,NIFTY METAL
8182,MOTILALAMC - MOMOMENTUM,NIFTY ETF
822,BANKA BIOLOO LIMITED,NIFTY SERVICES SECTOR
8266,SOFTTECH ENGINEERS LTD,NIFTY IT
827,DEEPAK FERTILIZERS & PETR,NIFTY COMMODITIES
8304,PRITI INTERNATIONAL LTD,Consumer Discretionary
8311,BLUE STAR LIMITED,Consumer Durables
8342,ICICIPRAMC - ICICI5GSEC,NIFTY ETF
8413,MIRAEAMC - MAM150ETF,NIFTY ETF
8469,MITCON CON & ENG SER LTD,NIFTY SERVICES SECTOR
8479,TVS MOTOR COMPANY  LTD,NIFTY AUTO
8506,NIP IND ETF MIDCAP 150,NIFTY ETF
8510,GATEWAY DISTRIPARKS LTD,NIFTY SERVICES SECTOR
8529,GMR POW AND URBAN INFRA L,NIFTY INFRA
8546,CHALET HOTELS LIMITED,NIFTY SERVICES SECTOR
857,DHAMPUR SUGAR MILLS LTD.,NIFTY FMCG
8585,NLC INDIA LIMITED,NIFTY ENERGY
8596,MOTHERSON SUMI WRNG IND L,NIFTY AUTO
8614,INDO BORAX & CHEMICAL LTD,NIFTY COMMODITIES
8632,KOTAKMAMC - KOTAKLOVOL,NIFTY ETF
8652,VETO SWITCHGEAR CABLE LTD,NIFTY AUTO
8654,MOTILALAMC - MOLOWVOL,NIFTY ETF
8687,MUKTA ARTS LIMITED,NIFTY MEDIA
8696,VRL LOGISTICS LIMITED,NIFTY SERVICES SECTOR
8727,SHAILY ENG PLASTICS LTD,NIFTY AUTO
8736,PNB GILTS LIMITED,NIFTY FIN SERVICE
8797,ORISSA BENGAL CARRIER LTD,NIFTY SERVICES SECTOR
8806,SONAM LIMITED,NIFTY SERVICES SECTOR
881,DR. REDDY S LABORATORIES,NIFTY PHARMA
8825,PRIVI SPECIALITY CHE LTD,NIFTY COMMODITIES
8827,AVRO INDIA LIMITED,NIFTY AUTO
8828,GUJARAT AMBUJA EXPORTS LT,NIFTY FMCG
8840,USHA MARTIN LTD.,NIFTY METAL
8842,UMA EXPORTS LIMITED,NIFTY FMCG
8866,CHOICE INTERNATIONAL LTD,NIFTY FIN SERVICE
8882,TATAAML - TNIDETF,NIFTY ETF
8890,VERANDA LEARNING SOL LTD,NIFTY SERVICES SECTOR
8937,E2E NETWORKS LIMITED,NIFTY IT
8944,RITCO LOGISTICS LIMITED,NIFTY SERVICES SECTOR
8953,ELDECO HSG & IND LTD.,NIFTY INFRA
8954,TATA TELESERV(MAHARASTRA),NIFTY SERVICES SECTOR
896,KHAITAN CHEM & FERT LTD,NIFTY COMMODITIES
8968,HARIOM PIPE INDUSTRIES L,NIFTY METAL
8998,UMIYA BUILDCON LIMITED,NIFTY INFRA
9014,THE ANUP ENGINEERING LTD,NIFTY AUTO
9020,VAXTEX COTFAB LIMITED,NIFTY FMCG
9039,UFO MOVIEZ INDIA LTD.,NIFTY MEDIA
9046,AGRO PHOS INDIA LIMITED,NIFTY COMMODITIES
9049,ROTO PUMPS LIMITED,NIFTY AUTO
9087,PIX TRANSMISSIONS LIMITED,NIFTY AUTO
910,EICHER MOTORS LTD,NIFTY AUTO
9111,ARVIND FASHIONS LIMITED,NIFTY FMCG
9116,INDO AMINES LIMITED,NIFTY COMMODITIES
9117,TIPS MUSIC LIMITED,NIFTY MEDIA
913,EQUITAS SMALL FIN BNK LTD,NIFTY BANK
9158,BALAJI TELEFILMS LIMITED.,NIFTY MEDIA
916,EID PARRY INDIA LTD,NIFTY FMCG
9168,UTIAMC - UTISXN50,NIFTY ETF
919,EIH LIMITED,NIFTY SERVICES SECTOR
9219,TPL PLASTECH LIMITED,NIFTY AUTO
9253,NILA INFRASTRUCTURES LTD,NIFTY INFRA
926,ORCHID PHARMA LIMITED,NIFTY PHARMA
928,ELECTROSTEEL CASTINGS LTD,NIFTY METAL
9288,KRITIKA WIRES LIMITED,NIFTY AUTO
9305,STARTECK FINANCE LIMITED,NIFTY FIN SERVICE
9309,STERLITE TECHNOLOGIES LTD,NIFTY IT
9348,INDIAN OVERSEAS BANK,NIFTY BANK
9354,TAJ GVK HOTELS & RESORTS,NIFTY SERVICES SECTOR
9356,MSTC LIMITED,NIFTY SERVICES SECTOR
936,D. P. ABHUSHAN LIMITED,NIFTY SERVICES SECTOR
9362,CAMPUS ACTIVEWEAR LIMITED,NIFTY FMCG
937,ELGI EQUIPMENTS LTD,NIFTY AUTO
9384,CREATIVE EYE LIMITED,NIFTY MEDIA
9385,PNC INFRATECH LTD.,NIFTY INFRA
940,PROCTER & GAMBLE HEALTH L,NIFTY PHARMA
9408,RAINBOW CHILDRENS MED LTD,NIFTY SERVICES SECTOR
9422,SILVER TOUCH TECHNO LTD,NIFTY IT
9428,SKIPPER LIMITED,NIFTY INFRA
9480,LIFE INSURA CORP OF INDIA,NIFTY FIN SERVICE
9539,SAKAR HEALTHCARE LIMITED,NIFTY PHARMA
955,ESAB INDIA LTD,NIFTY AUTO
9552,RAIL VIKAS NIGAM LIMITED,NIFTY INFRA
9553,PRUDENT CORP ADV SER LTD,NIFTY IT
9576,MAHESHWARI LOGISTICS LTD.,NIFTY SERVICES SECTOR
958,ESCORTS KUBOTA LIMITED,NIFTY AUTO
9581,METROPOLIS HEALTHCARE LTD,NIFTY SERVICES SECTOR
9590,POLYCAB INDIA LIMITED,NIFTY AUTO
9592,VENUS PIPES & TUBES LTD,NIFTY METAL
9599,DELHIVERY LIMITED,NIFTY SERVICES SECTOR
9617,SUPREME PETROCHEM LIMITED,NIFTY COMMODITIES
9641,KHANDWALA SECURITIES LTD,NIFTY FIN SERVICE
9652,RELIANCE CHEMOTEX IND LTD,NIFTY FMCG
9667,MEDICO REMEDIES LIMITED,NIFTY PHARMA
9668,HIKAL LIMITED,NIFTY PHARMA
967,SUBEX LTD,NIFTY IT
9678,SOUTH WEST PINNACLE LTD,NIFTY SERVICES SECTOR
9683,KPIT TECHNOLOGIES LIMITED,NIFTY IT
9685,TRIDENT LIMITED,NIFTY COMMODITIES
9741,PARADEEP PHOSPHATES LTD,NIFTY COMMODITIES
9750,ETHOS LIMITED,NIFTY SERVICES SECTOR
9756,EMUDHRA LIMITED,NIFTY IT
981,EPL LIMITED,NIFTY COMMODITIES
9810,AETHER INDUSTRIES LIMITED,NIFTY COMMODITIES
9819,HAVELLS INDIA LIMITED,NIFTY FMCG
9847,NIP IND ETF ETF NV20,NIFTY ETF
9874,AION-TECH SOLUTIONS LTD,NIFTY IT
9879,CHEVIOT COMPANY LIMITED,NIFTY FIN SERVICE
9889,SMARTLINK HOLDINGS LTD,NIFTY IT
9897,AIRAN LIMITED,NIFTY IT
9902,AXITA COTTON LIMITED,NIFTY FMCG
9917,NEOGEN CHEMICALS LIMITED,NIFTY COMMODITIES
9921,ALANKIT LIMITED,NIFTY FIN SERVICE
9931,VIKAS LIFECARE LIMITED,NIFTY COMMODITIES
9939,ONE POINT ONE SOL LTD,NIFTY IT
999,EUROTEX INDUSTRIES LTD,NIFTY FMCG