priority,symbol,identifier,open,dayHigh,dayLow,lastPrice,previousClose,change,pChange,ffmc,yearHigh,yearLow,totalTradedVolume,stockIndClosePrice,totalTradedValue,lastUpdateTime,nearWKH,nearWKL,perChange365d,date365dAgo,chart365dPath,date30dAgo,perChange30d,chart30dPath,chartTodayPath,series,meta
0,YESBANK,YESBANKEQN,22.93,22.93,21.55,21.77,23.28,-1.51,-6.49,409417475390.76,27.44,16.02,649923900,0,14135844825.0,,20.663265306122458,-35.89263420724095,1.22,31-May-2024,https://nsearchives.nseindia.com/365d/YESBANK-EQ.svg,02-May-2025,31.53,https://nsearchives.nseindia.com/30d/YESBANK-EQ.svg,https://nsearchives.nseindia.com/today/YESBANKEQN.svg,EQ,"{'symbol': 'YESBANK', 'companyName': 'Yes Bank Limited', 'industry': 'Private Sector Bank', 'activeSeries': ['EQ', 'T0'], 'debtSeries': [], 'isFNOSec': True, 'isCASec': False, 'isSLBSec': True, 'isDebtSec': False, 'isSuspended': False, 'tempSuspendedSeries': ['IL'], 'isETFSec': False, 'isDelisted': False, 'isin': 'INE528G01035', 'slb_isin': 'INE528G01035', 'listingDate': '2005-07-12', 'isMunicipalBond': False, 'isHybridSymbol': False, 'quotepreopenstatus': {'equityTime': '03-Jun-2025 09:22:14', 'preOpenTime': '03-Jun-2025 09:07:54', 'QuotePreOpenFlag': False}}"
0,OLAELEC,OLAELECEQN,52.0,52.0,50.55,50.82,53.68,-2.86,-5.33,45211623396.35,157.4,45.35,167948853,0,8521724801.22,,67.71283354510801,-12.061742006615212,-,-,-,02-May-2025,10.52,https://nsearchives.nseindia.com/30d/OLAELEC-EQ.svg,https://nsearchives.nseindia.com/today/OLAELECEQN.svg,EQ,"{'symbol': 'OLAELEC', 'companyName': 'Ola Electric Mobility Limited', 'industry': '2/3 Wheelers', 'activeSeries': ['EQ'], 'debtSeries': [], 'isFNOSec': False, 'isCASec': False, 'isSLBSec': True, 'isDebtSec': False, 'isSuspended': False, 'tempSuspendedSeries': [], 'isETFSec': False, 'isDelisted': False, 'isin': 'INE0LXG01040', 'slb_isin': 'INE0LXG01040', 'listingDate': '2024-08-09', 'isMunicipalBond': False, 'isHybridSymbol': False, 'quotepreopenstatus': {'equityTime': '03-Jun-2025 09:22:14', 'preOpenTime': '03-Jun-2025 09:07:54', 'QuotePreOpenFlag': False}}"
0,SUZLON,SUZLONEQN,71.7,72.4,68.8,68.9,71.19,-2.29,-3.22,817097353386.72,86.04,45.15,25528742,0,1785480215.48,,19.920966992096698,-52.602436323366575,-,-,-,02-May-2025,26.56,https://nsearchives.nseindia.com/30d/SUZLON-EQ.svg,https://nsearchives.nseindia.com/today/SUZLONEQN.svg,EQ,"{'symbol': 'SUZLON', 'companyName': 'Suzlon Energy Limited', 'industry': 'Heavy Electrical Equipment', 'activeSeries': ['EQ', 'T0'], 'debtSeries': [], 'isFNOSec': False, 'isCASec': False, 'isSLBSec': True, 'isDebtSec': False, 'isSuspended': False, 'tempSuspendedSeries': [], 'isETFSec': False, 'isDelisted': False, 'isin': 'INE040H01021', 'slb_isin': 'INE040H01021', 'listingDate': '2005-10-19', 'isMunicipalBond': False, 'isHybridSymbol': False, 'quotepreopenstatus': {'equityTime': '03-Jun-2025 09:22:14', 'preOpenTime': '03-Jun-2025 09:07:54', 'QuotePreOpenFlag': False}}"
0,ADANIPORTS,ADANIPORTSEQN,1470.0,1472.0,1428.7,1429.0,1468.0,-39.0,-2.66,1051688981642.94,1621.4,995.65,702589,0,1013393295.93,,11.866288392747013,-43.5243308391503,2.13,31-May-2024,https://nsearchives.nseindia.com/365d/ADANIPORTS-EQ.svg,02-May-2025,15.86,https://nsearchives.nseindia.com/30d/ADANIPORTS-EQ.svg,https://nsearchives.nseindia.com/today/ADANIPORTSEQN.svg,EQ,"{'symbol': 'ADANIPORTS', 'companyName': 'Adani Ports and Special Economic Zone Limited', 'industry': 'Port & Port services', 'activeSeries': ['EQ'], 'debtSeries': [], 'isFNOSec': True, 'isCASec': False, 'isSLBSec': True, 'isDebtSec': False, 'isSuspended': False, 'tempSuspendedSeries': [], 'isETFSec': False, 'isDelisted': False, 'isin': 'INE742F01042', 'slb_isin': 'INE742F01042', 'listingDate': '2007-11-27', 'isMunicipalBond': False, 'isHybridSymbol': False, 'quotepreopenstatus': {'equityTime': '03-Jun-2025 09:22:14', 'preOpenTime': '03-Jun-2025 09:07:54', 'QuotePreOpenFlag': False}}"
0,ADANIENT,ADANIENTEQN,2511.0,2512.5,2455.0,2457.9,2518.8,-60.9,-2.42,638449710451.81,3743.9,2025.0,185894,0,460162007.6,,34.34920804508668,-21.37777777777778,-26.16,31-May-2024,https://nsearchives.nseindia.com/365d/ADANIENT-EQ.svg,02-May-2025,9.79,https://nsearchives.nseindia.com/30d/ADANIENT-EQ.svg,https://nsearchives.nseindia.com/today/ADANIENTEQN.svg,EQ,"{'symbol': 'ADANIENT', 'companyName': 'Adani Enterprises Limited', 'industry': 'Trading - Minerals', 'activeSeries': ['EQ'], 'debtSeries': [], 'isFNOSec': True, 'isCASec': False, 'isSLBSec': True, 'isDebtSec': True, 'isSuspended': False, 'tempSuspendedSeries': [], 'isETFSec': False, 'isDelisted': False, 'isin': 'INE423A01024', 'slb_isin': 'INE423A01024', 'listingDate': '1997-06-04', 'isMunicipalBond': False, 'isHybridSymbol': False, 'quotepreopenstatus': {'equityTime': '03-Jun-2025 09:22:14', 'preOpenTime': '03-Jun-2025 09:07:54', 'QuotePreOpenFlag': False}}"
0,MAHABANK,MAHABANKEQN,57.75,57.88,56.17,56.28,57.51,-1.23,-2.14,88298574872.58,73.5,42.0,4979873,0,283703364.81,,23.428571428571427,-34.0,-16.71,31-May-2024,https://nsearchives.nseindia.com/365d/MAHABANK-EQ.svg,02-May-2025,13.59,https://nsearchives.nseindia.com/30d/MAHABANK-EQ.svg,https://nsearchives.nseindia.com/today/MAHABANKEQN.svg,EQ,"{'symbol': 'MAHABANK', 'companyName': 'Bank of Maharashtra', 'industry': 'Public Sector Bank', 'activeSeries': ['EQ'], 'debtSeries': [], 'isFNOSec': False, 'isCASec': False, 'isSLBSec': True, 'isDebtSec': False, 'isSuspended': False, 'tempSuspendedSeries': [], 'isETFSec': False, 'isDelisted': False, 'isin': 'INE457A01014', 'slb_isin': 'INE457A01014', 'listingDate': '2004-04-12', 'isMunicipalBond': False, 'isHybridSymbol': False, 'quotepreopenstatus': {'equityTime': '03-Jun-2025 09:22:14', 'preOpenTime': '03-Jun-2025 09:07:54', 'QuotePreOpenFlag': False}}"
0,ATGL,ATGLEQN,687.05,687.95,675.5,677.3,690.35,-13.05,-1.89,187357592385.18,1190.0,532.6,142575,0,96814128.0,,43.084033613445385,-27.16860683439728,-33.58,31-May-2024,https://nsearchives.nseindia.com/365d/ATGL-EQ.svg,02-May-2025,15.11,https://nsearchives.nseindia.com/30d/ATGL-EQ.svg,https://nsearchives.nseindia.com/today/ATGLEQN.svg,EQ,"{'symbol': 'ATGL', 'companyName': 'Adani Total Gas Limited', 'industry': 'LPG/CNG/PNG/LNG Supplier', 'activeSeries': ['EQ'], 'debtSeries': [], 'isFNOSec': True, 'isCASec': False, 'isSLBSec': True, 'isDebtSec': False, 'isSuspended': False, 'tempSuspendedSeries': ['BE'], 'isETFSec': False, 'isDelisted': False, 'isin': 'INE399L01023', 'slb_isin': 'INE399L01023', 'listingDate': '2018-11-05', 'isMunicipalBond': False, 'isHybridSymbol': False, 'quotepreopenstatus': {'equityTime': '03-Jun-2025 09:22:14', 'preOpenTime': '03-Jun-2025 09:07:54', 'QuotePreOpenFlag': False}}"
0,ADANIGREEN,ADANIGREENEQN,1009.1,1009.5,988.0,993.4,1009.1,-15.7,-1.56,303665908970.52,2174.1,758.0,458587,0,456610490.03,,54.30752955245848,-31.05540897097625,-47.12,31-May-2024,https://nsearchives.nseindia.com/365d/ADANIGREEN-EQ.svg,02-May-2025,11.47,https://nsearchives.nseindia.com/30d/ADANIGREEN-EQ.svg,https://nsearchives.nseindia.com/today/ADANIGREENEQN.svg,EQ,"{'symbol': 'ADANIGREEN', 'companyName': 'Adani Green Energy Limited', 'industry': 'Power Generation', 'activeSeries': ['EQ'], 'debtSeries': [], 'isFNOSec': True, 'isCASec': False, 'isSLBSec': True, 'isDebtSec': False, 'isSuspended': False, 'tempSuspendedSeries': ['BE'], 'isETFSec': False, 'isDelisted': False, 'isin': 'INE364U01010', 'slb_isin': 'INE364U01010', 'listingDate': '2018-06-18', 'isMunicipalBond': False, 'isHybridSymbol': False, 'quotepreopenstatus': {'equityTime': '03-Jun-2025 09:22:14', 'preOpenTime': '03-Jun-2025 09:07:54', 'QuotePreOpenFlag': False}}"
0,ADANIPOWER,ADANIPOWEREQN,552.55,553.2,545.3,547.35,555.1,-7.75,-1.4,429664939803.31,895.85,432.0,495486,0,272001994.56,,38.901601830663616,-26.701388888888893,-26.55,31-May-2024,https://nsearchives.nseindia.com/365d/ADANIPOWER-EQ.svg,02-May-2025,5.69,https://nsearchives.nseindia.com/30d/ADANIPOWER-EQ.svg,https://nsearchives.nseindia.com/today/ADANIPOWEREQN.svg,EQ,"{'symbol': 'ADANIPOWER', 'companyName': 'Adani Power Limited', 'industry': 'Integrated Power Utilities', 'activeSeries': ['EQ'], 'debtSeries': [], 'isFNOSec': False, 'isCASec': False, 'isSLBSec': True, 'isDebtSec': False, 'isSuspended': False, 'tempSuspendedSeries': [], 'isETFSec': False, 'isDelisted': False, 'isin': 'INE814H01011', 'slb_isin': 'INE814H01011', 'listingDate': '2009-08-20', 'isMunicipalBond': False, 'isHybridSymbol': False, 'quotepreopenstatus': {'equityTime': '03-Jun-2025 09:22:14', 'preOpenTime': '03-Jun-2025 09:07:54', 'QuotePreOpenFlag': False}}"
0,ADANIENSOL,ADANIENSOLEQN,876.55,877.75,861.6,863.7,874.85,-11.15,-1.27,311769631155.94,1348.0,588.0,149276,0,129352132.28,,35.92729970326409,-46.88775510204082,-22.08,31-May-2024,https://nsearchives.nseindia.com/365d/ADANIENSOL-EQ.svg,02-May-2025,-3.56,https://nsearchives.nseindia.com/30d/ADANIENSOL-EQ.svg,https://nsearchives.nseindia.com/today/ADANIENSOLEQN.svg,EQ,"{'symbol': 'ADANIENSOL', 'companyName': 'Adani Energy Solutions Limited', 'industry': 'Power Distribution', 'activeSeries': ['EQ'], 'debtSeries': [], 'isFNOSec': True, 'isCASec': False, 'isSLBSec': True, 'isDebtSec': False, 'isSuspended': False, 'tempSuspendedSeries': [], 'isETFSec': False, 'isDelisted': False, 'isin': 'INE931S01010', 'slb_isin': 'INE931S01010', 'listingDate': '2015-07-31', 'isMunicipalBond': False, 'isHybridSymbol': False, 'quotepreopenstatus': {'equityTime': '03-Jun-2025 09:22:14', 'preOpenTime': '03-Jun-2025 09:07:54', 'QuotePreOpenFlag': False}}"
0,IREDA,IREDAEQN,175.5,175.5,172.67,173.25,175.21,-1.96,-1.12,116407289655.33,310.0,137.01,1101762,0,191541323.7,,44.11290322580645,-26.450624042040737,-5.19,31-May-2024,https://nsearchives.nseindia.com/365d/IREDA-EQ.svg,02-May-2025,5.73,https://nsearchives.nseindia.com/30d/IREDA-EQ.svg,https://nsearchives.nseindia.com/today/IREDAEQN.svg,EQ,"{'symbol': 'IREDA', 'companyName': 'Indian Renewable Energy Development Agency Limited', 'industry': 'Financial Institution', 'activeSeries': ['EQ'], 'debtSeries': [], 'isFNOSec': True, 'isCASec': False, 'isSLBSec': True, 'isDebtSec': True, 'isSuspended': False, 'tempSuspendedSeries': ['N4', 'N1'], 'isETFSec': False, 'isDelisted': False, 'isin': 'INE202E01016', 'slb_isin': 'INE202E01016', 'listingDate': '2023-11-29', 'isMunicipalBond': False, 'isHybridSymbol': False, 'quotepreopenstatus': {'equityTime': '03-Jun-2025 09:22:14', 'preOpenTime': '03-Jun-2025 09:07:54', 'QuotePreOpenFlag': False}}"
0,GODREJCP,GODREJCPEQN,1264.1,1268.7,1252.0,1253.0,1266.1,-13.1,-1.03,598461595494.08,1541.85,979.5,47098,0,59325111.78,,18.733988390569767,-27.92240939254722,-0.33,31-May-2024,https://nsearchives.nseindia.com/365d/GODREJCP-EQ.svg,02-May-2025,0.75,https://nsearchives.nseindia.com/30d/GODREJCP-EQ.svg,https://nsearchives.nseindia.com/today/GODREJCPEQN.svg,EQ,"{'symbol': 'GODREJCP', 'companyName': 'Godrej Consumer Products Limited', 'industry': 'Personal Care', 'activeSeries': ['EQ'], 'debtSeries': [], 'isFNOSec': True, 'isCASec': False, 'isSLBSec': True, 'isDebtSec': False, 'isSuspended': False, 'tempSuspendedSeries': [], 'isETFSec': False, 'isDelisted': False, 'isin': 'INE102D01028', 'slb_isin': 'INE102D01028', 'listingDate': '2001-06-20', 'isMunicipalBond': False, 'isHybridSymbol': False, 'quotepreopenstatus': {'equityTime': '03-Jun-2025 09:22:14', 'preOpenTime': '03-Jun-2025 09:07:54', 'QuotePreOpenFlag': False}}"
0,BAJFINANCE,BAJFINANCEEQN,9106.0,9128.0,9021.0,9030.0,9118.5,-88.5,-0.97,2360853751596.86,9660.0,6375.7,99859,0,907003319.56,,6.521739130434782,-41.63150712862902,36.14,31-May-2024,https://nsearchives.nseindia.com/365d/BAJFINANCE-EQ.svg,02-May-2025,2.89,https://nsearchives.nseindia.com/30d/BAJFINANCE-EQ.svg,https://nsearchives.nseindia.com/today/BAJFINANCEEQN.svg,EQ,"{'symbol': 'BAJFINANCE', 'companyName': 'Bajaj Finance Limited', 'industry': 'Non Banking Financial Company (NBFC)', 'activeSeries': ['EQ'], 'debtSeries': [], 'isFNOSec': True, 'isCASec': False, 'isSLBSec': True, 'isDebtSec': False, 'isSuspended': False, 'tempSuspendedSeries': ['W1', 'N1'], 'isETFSec': False, 'isDelisted': False, 'isin': 'INE296A01024', 'slb_isin': 'INE296A01024', 'listingDate': '2003-04-01', 'isMunicipalBond': False, 'isHybridSymbol': False, 'quotepreopenstatus': {'equityTime': '03-Jun-2025 09:22:14', 'preOpenTime': '03-Jun-2025 09:07:54', 'QuotePreOpenFlag': False}}"
0,HDFCLIFE,HDFCLIFEEQN,748.4,768.5,748.4,761.0,766.7,-5.7,-0.74,812761778770.53,791.1,511.4,656338,0,499131922.24,,3.8048287195044903,-48.807195932733684,39.44,31-May-2024,https://nsearchives.nseindia.com/365d/HDFCLIFE-EQ.svg,02-May-2025,5.35,https://nsearchives.nseindia.com/30d/HDFCLIFE-EQ.svg,https://nsearchives.nseindia.com/today/HDFCLIFEEQN.svg,EQ,"{'symbol': 'HDFCLIFE', 'companyName': 'HDFC Life Insurance Company Limited', 'industry': 'Life Insurance', 'activeSeries': ['EQ'], 'debtSeries': [], 'isFNOSec': True, 'isCASec': False, 'isSLBSec': True, 'isDebtSec': True, 'isSuspended': False, 'tempSuspendedSeries': [], 'isETFSec': False, 'isDelisted': False, 'isin': 'INE795G01014', 'slb_isin': 'INE795G01014', 'listingDate': '2017-11-17', 'isMunicipalBond': False, 'isHybridSymbol': False, 'quotepreopenstatus': {'equityTime': '03-Jun-2025 09:22:14', 'preOpenTime': '03-Jun-2025 09:07:54', 'QuotePreOpenFlag': False}}"
0,ICICIBANK,ICICIBANKEQN,1454.9,1455.0,1437.5,1439.7,1450.5,-10.8,-0.74,10229997753802.01,1471.6,1051.05,681287,0,985420329.67,,2.167708616471858,-36.977308405879846,29.39,31-May-2024,https://nsearchives.nseindia.com/365d/ICICIBANK-EQ.svg,02-May-2025,1.26,https://nsearchives.nseindia.com/30d/ICICIBANK-EQ.svg,https://nsearchives.nseindia.com/today/ICICIBANKEQN.svg,EQ,"{'symbol': 'ICICIBANK', 'companyName': 'ICICI Bank Limited', 'industry': 'Private Sector Bank', 'activeSeries': ['EQ'], 'debtSeries': [], 'isFNOSec': True, 'isCASec': False, 'isSLBSec': True, 'isDebtSec': True, 'isSuspended': False, 'tempSuspendedSeries': ['E2', 'IL'], 'isETFSec': False, 'isDelisted': False, 'isin': 'INE090A01021', 'slb_isin': 'INE090A01021', 'listingDate': '1997-09-17', 'isMunicipalBond': False, 'isHybridSymbol': False, 'quotepreopenstatus': {'equityTime': '03-Jun-2025 09:22:14', 'preOpenTime': '03-Jun-2025 09:07:54', 'QuotePreOpenFlag': False}}"
0,APOLLOTYRE,APOLLOTYREEQN,471.5,472.0,468.0,468.05,471.5,-3.45,-0.73,150543252315.33,584.9,370.9,56089,0,26318080.58,,19.97777397845785,-26.19304394715558,1.73,31-May-2024,https://nsearchives.nseindia.com/365d/APOLLOTYRE-EQ.svg,02-May-2025,-1.42,https://nsearchives.nseindia.com/30d/APOLLOTYRE-EQ.svg,https://nsearchives.nseindia.com/today/APOLLOTYREEQN.svg,EQ,"{'symbol': 'APOLLOTYRE', 'companyName': 'Apollo Tyres Limited', 'industry': 'Tyres & Rubber Products', 'activeSeries': ['EQ'], 'debtSeries': [], 'isFNOSec': False, 'isCASec': False, 'isSLBSec': True, 'isDebtSec': False, 'isSuspended': False, 'tempSuspendedSeries': [], 'isETFSec': False, 'isDelisted': False, 'isin': 'INE438A01022', 'slb_isin': 'INE438A01022', 'listingDate': '1995-05-31', 'isMunicipalBond': False, 'isHybridSymbol': False, 'quotepreopenstatus': {'equityTime': '03-Jun-2025 09:22:14', 'preOpenTime': '03-Jun-2025 09:07:54', 'QuotePreOpenFlag': False}}"
0,AXISBANK,AXISBANKEQN,1195.0,1198.9,1185.3,1186.1,1194.4,-8.3,-0.69,3383900501897.86,1339.65,933.5,590717,0,703030023.21,,11.461949016534183,-27.059453668987672,2.78,31-May-2024,https://nsearchives.nseindia.com/365d/AXISBANK-EQ.svg,02-May-2025,1.03,https://nsearchives.nseindia.com/30d/AXISBANK-EQ.svg,https://nsearchives.nseindia.com/today/AXISBANKEQN.svg,EQ,"{'symbol': 'AXISBANK', 'companyName': 'Axis Bank Limited', 'industry': 'Private Sector Bank', 'activeSeries': ['EQ'], 'debtSeries': [], 'isFNOSec': True, 'isCASec': False, 'isSLBSec': True, 'isDebtSec': True, 'isSuspended': False, 'tempSuspendedSeries': ['IL'], 'isETFSec': False, 'isDelisted': False, 'isin': 'INE238A01034', 'slb_isin': 'INE238A01034', 'listingDate': '1998-11-16', 'isMunicipalBond': False, 'isHybridSymbol': False, 'quotepreopenstatus': {'equityTime': '03-Jun-2025 09:22:14', 'preOpenTime': '03-Jun-2025 09:07:54', 'QuotePreOpenFlag': False}}"
0,BHEL,BHELEQN,262.5,262.85,259.2,259.6,261.4,-1.8,-0.69,332749791938.06,335.35,176.0,653874,0,170321099.52,,22.588340539734602,-47.50000000000001,-12.55,31-May-2024,https://nsearchives.nseindia.com/365d/BHEL-EQ.svg,02-May-2025,16.42,https://nsearchives.nseindia.com/30d/BHEL-EQ.svg,https://nsearchives.nseindia.com/today/BHELEQN.svg,EQ,"{'symbol': 'BHEL', 'companyName': 'Bharat Heavy Electricals Limited', 'industry': 'Heavy Electrical Equipment', 'activeSeries': ['EQ'], 'debtSeries': [], 'isFNOSec': True, 'isCASec': False, 'isSLBSec': True, 'isDebtSec': False, 'isSuspended': False, 'tempSuspendedSeries': [], 'isETFSec': False, 'isDelisted': False, 'isin': 'INE257A01026', 'slb_isin': 'INE257A01026', 'listingDate': '2003-11-11', 'isMunicipalBond': False, 'isHybridSymbol': False, 'quotepreopenstatus': {'equityTime': '03-Jun-2025 09:22:14', 'preOpenTime': '03-Jun-2025 09:07:54', 'QuotePreOpenFlag': False}}"
0,HINDUNILVR,HINDUNILVREQN,2365.1,2379.5,2356.6,2357.1,2371.6,-14.5,-0.61,2086264677695.49,3035.0,2136.0,80246,0,189894134.4,,22.33607907742999,-10.351123595505614,1.83,31-May-2024,https://nsearchives.nseindia.com/365d/HINDUNILVR-EQ.svg,02-May-2025,2.05,https://nsearchives.nseindia.com/30d/HINDUNILVR-EQ.svg,https://nsearchives.nseindia.com/today/HINDUNILVREQN.svg,EQ,"{'symbol': 'HINDUNILVR', 'companyName': 'Hindustan Unilever Limited', 'industry': 'Diversified FMCG', 'activeSeries': ['EQ'], 'debtSeries': [], 'isFNOSec': True, 'isCASec': False, 'isSLBSec': True, 'isDebtSec': False, 'isSuspended': False, 'tempSuspendedSeries': [], 'isETFSec': False, 'isDelisted': False, 'isin': 'INE030A01027', 'slb_isin': 'INE030A01027', 'listingDate': '1995-07-06', 'isMunicipalBond': False, 'isHybridSymbol': False, 'quotepreopenstatus': {'equityTime': '03-Jun-2025 09:22:14', 'preOpenTime': '03-Jun-2025 09:07:54', 'QuotePreOpenFlag': False}}"
0,SBILIFE,SBILIFEEQN,1809.8,1814.0,1791.8,1791.8,1802.5,-10.7,-0.59,800935721835.09,1936.0,1307.7,43627,0,78684348.39,,7.4483471074380185,-37.019194004741145,30.01,31-May-2024,https://nsearchives.nseindia.com/365d/SBILIFE-EQ.svg,02-May-2025,2.14,https://nsearchives.nseindia.com/30d/SBILIFE-EQ.svg,https://nsearchives.nseindia.com/today/SBILIFEEQN.svg,EQ,"{'symbol': 'SBILIFE', 'companyName': 'SBI Life Insurance Company Limited', 'industry': 'Life Insurance', 'activeSeries': ['EQ'], 'debtSeries': [], 'isFNOSec': True, 'isCASec': False, 'isSLBSec': True, 'isDebtSec': False, 'isSuspended': False, 'tempSuspendedSeries': [], 'isETFSec': False, 'isDelisted': False, 'isin': 'INE123W01016', 'slb_isin': 'INE123W01016', 'listingDate': '2017-10-03', 'isMunicipalBond': False, 'isHybridSymbol': False, 'quotepreopenstatus': {'equityTime': '03-Jun-2025 09:22:14', 'preOpenTime': '03-Jun-2025 09:07:54', 'QuotePreOpenFlag': False}}"
0,BANDHANBNK,BANDHANBNKEQN,173.75,173.95,171.19,171.75,172.75,-1.0,-0.58,142287411391.45,222.31,128.16,560417,0,96492599.06,,22.74301650847915,-34.012172284644194,-8.26,31-May-2024,https://nsearchives.nseindia.com/365d/BANDHANBNK-EQ.svg,02-May-2025,6.81,https://nsearchives.nseindia.com/30d/BANDHANBNK-EQ.svg,https://nsearchives.nseindia.com/today/BANDHANBNKEQN.svg,EQ,"{'symbol': 'BANDHANBNK', 'companyName': 'Bandhan Bank Limited', 'industry': 'Private Sector Bank', 'activeSeries': ['EQ', 'T0'], 'debtSeries': [], 'isFNOSec': True, 'isCASec': False, 'isSLBSec': True, 'isDebtSec': False, 'isSuspended': False, 'tempSuspendedSeries': [], 'isETFSec': False, 'isDelisted': False, 'isin': 'INE545U01014', 'slb_isin': 'INE545U01014', 'listingDate': '2018-03-27', 'isMunicipalBond': False, 'isHybridSymbol': False, 'quotepreopenstatus': {'equityTime': '03-Jun-2025 09:22:14', 'preOpenTime': '03-Jun-2025 09:07:54', 'QuotePreOpenFlag': False}}"
0,TATACONSUM,TATACONSUMEQN,1116.1,1123.2,1114.0,1114.4,1120.4,-6.0,-0.54,723729280216.66,1250.1,882.9,45881,0,51296793.24,,10.855131589472828,-26.220410012458956,5.67,31-May-2024,https://nsearchives.nseindia.com/365d/TATACONSUM-EQ.svg,02-May-2025,-3.15,https://nsearchives.nseindia.com/30d/TATACONSUM-EQ.svg,https://nsearchives.nseindia.com/today/TATACONSUMEQN.svg,EQ,"{'symbol': 'TATACONSUM', 'companyName': 'TATA CONSUMER PRODUCTS LIMITED', 'industry': 'Tea & Coffee', 'activeSeries': ['EQ'], 'debtSeries': [], 'isFNOSec': True, 'isCASec': False, 'isSLBSec': True, 'isDebtSec': False, 'isSuspended': False, 'tempSuspendedSeries': [], 'isETFSec': False, 'isDelisted': False, 'isin': 'INE192A01025', 'slb_isin': 'INE192A01025', 'listingDate': '1998-11-18', 'isMunicipalBond': False, 'isHybridSymbol': False, 'quotepreopenstatus': {'equityTime': '03-Jun-2025 09:22:14', 'preOpenTime': '03-Jun-2025 09:07:54', 'QuotePreOpenFlag': False}}"
0,BHARTIARTL,BHARTIARTLEQN,1867.0,1869.5,1842.4,1844.4,1854.1,-9.7,-0.52,4934643198935.0,1917.0,1219.05,438350,0,814752378.0,,3.7871674491392753,-51.29814199581643,35.06,31-May-2024,https://nsearchives.nseindia.com/365d/BHARTIARTL-EQ.svg,02-May-2025,0.12,https://nsearchives.nseindia.com/30d/BHARTIARTL-EQ.svg,https://nsearchives.nseindia.com/today/BHARTIARTLEQN.svg,EQ,"{'symbol': 'BHARTIARTL', 'companyName': 'Bharti Airtel Limited', 'industry': 'Telecom - Cellular & Fixed line services', 'activeSeries': ['EQ'], 'debtSeries': [], 'isFNOSec': True, 'isCASec': False, 'isSLBSec': True, 'isDebtSec': False, 'isSuspended': False, 'tempSuspendedSeries': ['IL'], 'isETFSec': False, 'isDelisted': False, 'isin': 'INE397D01024', 'slb_isin': 'INE397D01024', 'listingDate': '2002-02-15', 'isMunicipalBond': False, 'isHybridSymbol': False, 'quotepreopenstatus': {'equityTime': '03-Jun-2025 09:22:14', 'preOpenTime': '03-Jun-2025 09:07:54', 'QuotePreOpenFlag': False}}"
0,MARUTI,MARUTIEQN,12273.0,12350.0,12223.0,12229.0,12290.0,-61.0,-0.5,1600640793231.54,13680.0,10725.0,18411,0,226262905.05,,10.60672514619883,-14.023310023310023,-0.88,31-May-2024,https://nsearchives.nseindia.com/365d/MARUTI-EQ.svg,02-May-2025,-0.94,https://nsearchives.nseindia.com/30d/MARUTI-EQ.svg,https://nsearchives.nseindia.com/today/MARUTIEQN.svg,EQ,"{'symbol': 'MARUTI', 'companyName': 'Maruti Suzuki India Limited', 'industry': 'Passenger Cars & Utility Vehicles', 'activeSeries': ['EQ'], 'debtSeries': [], 'isFNOSec': True, 'isCASec': False, 'isSLBSec': True, 'isDebtSec': False, 'isSuspended': False, 'tempSuspendedSeries': ['IL'], 'isETFSec': False, 'isDelisted': False, 'isin': 'INE585B01010', 'slb_isin': 'INE585B01010', 'listingDate': '2003-07-09', 'isMunicipalBond': False, 'isHybridSymbol': False, 'quotepreopenstatus': {'equityTime': '03-Jun-2025 09:22:14', 'preOpenTime': '03-Jun-2025 09:07:54', 'QuotePreOpenFlag': False}}"
0,POWERGRID,POWERGRIDEQN,292.5,295.4,291.25,291.6,293.05,-1.45,-0.49,1318026707106.63,366.25,247.3,819848,0,240248257.92,,20.382252559726957,-17.913465426607363,-5.47,31-May-2024,https://nsearchives.nseindia.com/365d/POWERGRID-EQ.svg,02-May-2025,-3.59,https://nsearchives.nseindia.com/30d/POWERGRID-EQ.svg,https://nsearchives.nseindia.com/today/POWERGRIDEQN.svg,EQ,"{'symbol': 'POWERGRID', 'companyName': 'Power Grid Corporation of India Limited', 'industry': 'Power - Transmission', 'activeSeries': ['EQ'], 'debtSeries': [], 'isFNOSec': True, 'isCASec': False, 'isSLBSec': True, 'isDebtSec': True, 'isSuspended': False, 'tempSuspendedSeries': ['IL'], 'isETFSec': False, 'isDelisted': False, 'isin': 'INE752E01010', 'slb_isin': 'INE752E01010', 'listingDate': '2007-10-05', 'isMunicipalBond': False, 'isHybridSymbol': False, 'quotepreopenstatus': {'equityTime': '03-Jun-2025 09:22:14', 'preOpenTime': '03-Jun-2025 09:07:54', 'QuotePreOpenFlag': False}}"
0,IDEA,IDEAEQN,6.89,7.12,6.83,7.0,7.03,-0.03,-0.43,192730991591.14,19.18,6.46,158378968,0,1105485196.64,,63.503649635036496,-8.359133126934985,-53.9,31-May-2024,https://nsearchives.nseindia.com/365d/IDEA-EQ.svg,02-May-2025,-0.28,https://nsearchives.nseindia.com/30d/IDEA-EQ.svg,https://nsearchives.nseindia.com/today/IDEAEQN.svg,EQ,"{'symbol': 'IDEA', 'companyName': 'Vodafone Idea Limited', 'industry': 'Telecom - Cellular & Fixed line services', 'activeSeries': ['EQ', 'T0'], 'debtSeries': [], 'isFNOSec': True, 'isCASec': False, 'isSLBSec': True, 'isDebtSec': False, 'isSuspended': False, 'tempSuspendedSeries': [], 'isETFSec': False, 'isDelisted': False, 'isin': 'INE669E01016', 'slb_isin': 'INE669E01016', 'listingDate': '2007-03-09', 'isMunicipalBond': False, 'isHybridSymbol': False, 'quotepreopenstatus': {'equityTime': '03-Jun-2025 09:22:14', 'preOpenTime': '03-Jun-2025 09:07:54', 'QuotePreOpenFlag': False}}"
0,AMBUJACEM,AMBUJACEMEQN,553.8,557.5,552.6,553.3,555.55,-2.25,-0.41,367573254097.99,706.95,453.05,49042,0,27192808.16,,21.7342103401938,-22.127800463524984,-12.38,31-May-2024,https://nsearchives.nseindia.com/365d/AMBUJACEM-EQ.svg,02-May-2025,4.49,https://nsearchives.nseindia.com/30d/AMBUJACEM-EQ.svg,https://nsearchives.nseindia.com/today/AMBUJACEMEQN.svg,EQ,"{'symbol': 'AMBUJACEM', 'companyName': 'Ambuja Cements Limited', 'industry': 'Cement & Cement Products', 'activeSeries': ['EQ', 'T0'], 'debtSeries': [], 'isFNOSec': True, 'isCASec': False, 'isSLBSec': True, 'isDebtSec': False, 'isSuspended': False, 'tempSuspendedSeries': [], 'isETFSec': False, 'isDelisted': False, 'isin': 'INE079A01024', 'slb_isin': 'INE079A01024', 'listingDate': '1998-02-18', 'isMunicipalBond': False, 'isHybridSymbol': False, 'quotepreopenstatus': {'equityTime': '03-Jun-2025 09:22:14', 'preOpenTime': '03-Jun-2025 09:07:54', 'QuotePreOpenFlag': False}}"
0,POLICYBZR,POLICYBZREQN,1799.0,1799.0,1745.6,1750.5,1757.7,-7.2,-0.41,577698378611.42,2246.9,1193.05,220689,0,389648498.4,,22.09266099959945,-46.724781023427354,35.79,31-May-2024,https://nsearchives.nseindia.com/365d/POLICYBZR-EQ.svg,02-May-2025,10.3,https://nsearchives.nseindia.com/30d/POLICYBZR-EQ.svg,https://nsearchives.nseindia.com/today/POLICYBZREQN.svg,EQ,"{'symbol': 'POLICYBZR', 'companyName': 'PB Fintech Limited', 'industry': 'Financial Technology (Fintech)', 'activeSeries': ['EQ'], 'debtSeries': [], 'isFNOSec': True, 'isCASec': False, 'isSLBSec': True, 'isDebtSec': False, 'isSuspended': False, 'tempSuspendedSeries': [], 'isETFSec': False, 'isDelisted': False, 'isin': 'INE417T01026', 'slb_isin': 'INE417T01026', 'listingDate': '2021-11-15', 'isMunicipalBond': False, 'isHybridSymbol': False, 'quotepreopenstatus': {'equityTime': '03-Jun-2025 09:22:14', 'preOpenTime': '03-Jun-2025 09:07:54', 'QuotePreOpenFlag': False}}"
0,NAUKRI,NAUKRIEQN,1431.0,1439.7,1425.0,1425.0,1430.8,-5.8,-0.41,551494011081.18,1825.78,1050.0,46722,0,66916182.84,,21.951166076964366,-35.714285714285715,-74.89,31-May-2024,https://nsearchives.nseindia.com/365d/NAUKRI-EQ.svg,02-May-2025,-79.96,https://nsearchives.nseindia.com/30d/NAUKRI-EQ.svg,https://nsearchives.nseindia.com/today/NAUKRIEQN.svg,EQ,"{'symbol': 'NAUKRI', 'companyName': 'Info Edge (India) Limited', 'industry': 'Internet & Catalogue Retail', 'activeSeries': ['EQ'], 'debtSeries': [], 'isFNOSec': True, 'isCASec': False, 'isSLBSec': True, 'isDebtSec': False, 'isSuspended': False, 'tempSuspendedSeries': ['IL'], 'isETFSec': False, 'isDelisted': False, 'isin': 'INE663F01032', 'slb_isin': 'INE663F01032', 'listingDate': '2006-11-21', 'isMunicipalBond': False, 'isHybridSymbol': False, 'quotepreopenstatus': {'equityTime': '03-Jun-2025 09:22:14', 'preOpenTime': '03-Jun-2025 09:07:54', 'QuotePreOpenFlag': False}}"
0,UPL,UPLEQN,638.0,638.35,633.0,633.8,636.35,-2.55,-0.4,319867170150.54,699.45,459.62,74957,0,47598444.57,,9.385946100507555,-37.896523214829635,25.07,31-May-2024,https://nsearchives.nseindia.com/365d/UPL-EQ.svg,02-May-2025,-6.53,https://nsearchives.nseindia.com/30d/UPL-EQ.svg,https://nsearchives.nseindia.com/today/UPLEQN.svg,EQ,"{'symbol': 'UPL', 'companyName': 'UPL Limited', 'industry': 'Pesticides & Agrochemicals', 'activeSeries': ['EQ'], 'debtSeries': [], 'isFNOSec': True, 'isCASec': False, 'isSLBSec': True, 'isDebtSec': False, 'isSuspended': False, 'tempSuspendedSeries': ['Q1', 'Q2', 'IL'], 'isETFSec': False, 'isDelisted': False, 'isin': 'INE628A01036', 'slb_isin': 'INE628A01036', 'listingDate': '2004-01-23', 'isMunicipalBond': False, 'isHybridSymbol': False, 'quotepreopenstatus': {'equityTime': '03-Jun-2025 09:22:14', 'preOpenTime': '03-Jun-2025 09:07:54', 'QuotePreOpenFlag': False}}"
